start,end,domain,groups,reward,policy
0,400,airline,179,0.441340782122905,8.376219709579853
0,400,banking,89,0.7907303370786517,8.17912373928465
0,400,retail,101,0.49133663366336633,9.145200441352456
0,400,telecom,31,0.4838709677419355,6.039127581218836
400,800,airline,153,0.511437908496732,30.702376736035387
400,800,banking,88,0.8153409090909091,32.06974245743436
400,800,retail,114,0.5010964912280702,31.104286883156238
400,800,telecom,45,0.5,23.97177906406455
800,1200,airline,179,0.5139664804469274,53.33944968932309
800,1200,banking,80,0.784375,53.23620210424558
800,1200,retail,100,0.51875,54.35530528221423
800,1200,telecom,41,0.5487804878048781,45.16950535655062
1200,1600,airline,181,0.5172651933701657,75.03395826855377
1200,1600,banking,88,0.8977272727272727,76.14755939034738
1200,1600,retail,82,0.5609756097560976,75.95024502993283
1200,1600,telecom,49,0.5127551020408163,67.16537016450009
1600,2000,airline,184,0.5190217391304348,96.21097186096642
1600,2000,banking,82,0.8399390243902439,97.65301864929945
1600,2000,retail,86,0.5770348837209303,97.45966425633691
1600,2000,telecom,48,0.5729166666666666,89.7357618138708
2000,2400,airline,180,0.5944444444444444,118.37547147795532
2000,2400,banking,101,0.8601485148514851,117.7724444828537
2000,2400,retail,79,0.5237341772151899,117.84180689301543
2000,2400,telecom,40,0.525,109.2313857567317
