kind,groups,reward,trained
cancel_pending_order,52,0.7475961538461539,52
cancel_pending_order+exchange_delivered_order_items,23,0.34782608695652173,23
cancel_pending_order+exchange_delivered_order_items+modify_pending_order_items,1,0.0,1
cancel_pending_order+exchange_delivered_order_items+modify_pending_order_payment,1,0.0,1
cancel_pending_order+exchange_delivered_order_items+return_delivered_order_items,3,0.0,3
cancel_pending_order+modify_pending_order_address,1,1.0,1
cancel_pending_order+modify_pending_order_address+modify_user_address,1,0.375,1
cancel_pending_order+modify_pending_order_items,5,0.15,5
cancel_pending_order+modify_pending_order_items+modify_user_address,1,0.875,1
cancel_pending_order+modify_pending_order_items+return_delivered_order_items,2,0.375,2
cancel_pending_order+modify_pending_order_payment,7,0.8392857142857143,7
cancel_pending_order+modify_pending_order_payment+modify_user_address,1,1.0,1
cancel_pending_order+modify_pending_order_payment+return_delivered_order_items,4,0.75,4
cancel_pending_order+modify_user_address,11,0.7159090909090909,11
cancel_pending_order+return_delivered_order_items,22,0.8181818181818182,22
exchange_delivered_order_items,47,0.4627659574468085,47
exchange_delivered_order_items+modify_pending_order_address,3,0.2916666666666667,3
exchange_delivered_order_items+modify_pending_order_items,6,0.4375,6
exchange_delivered_order_items+modify_pending_order_payment,17,0.4338235294117647,17
exchange_delivered_order_items+modify_pending_order_payment+modify_user_address,1,0.125,1
exchange_delivered_order_items+modify_pending_order_payment+return_delivered_order_items,4,0.3125,4
exchange_delivered_order_items+modify_user_address,3,0.16666666666666666,3
exchange_delivered_order_items+modify_user_address+return_delivered_order_items,3,0.4583333333333333,3
exchange_delivered_order_items+return_delivered_order_items,17,0.4852941176470588,17
modify_pending_order_address,28,0.4732142857142857,28
modify_pending_order_address+modify_pending_order_items,29,0.2025862068965517,29
modify_pending_order_address+modify_pending_order_items+modify_pending_order_payment,1,0.25,1
modify_pending_order_address+modify_pending_order_items+modify_user_address,26,0.14903846153846154,26
modify_pending_order_address+modify_pending_order_payment,1,1.0,1
modify_pending_order_address+modify_user_address,94,0.7420212765957447,94
modify_pending_order_address+modify_user_address+return_delivered_order_items,3,0.5833333333333334,3
modify_pending_order_address+return_delivered_order_items,24,0.2760416666666667,24
modify_pending_order_items,46,0.532608695652174,46
modify_pending_order_items+modify_pending_order_payment,3,0.125,3
modify_pending_order_items+modify_pending_order_payment+modify_user_address,2,0.875,2
modify_pending_order_items+modify_user_address,7,0.4642857142857143,7
modify_pending_order_items+return_delivered_order_items,18,0.25,18
modify_pending_order_payment,16,0.8515625,15
modify_pending_order_payment+modify_user_address,1,0.125,1
modify_pending_order_payment+return_delivered_order_items,10,0.4,10
modify_user_address,9,0.9305555555555556,9
modify_user_address+return_delivered_order_items,5,0.15,5
no_write,9,0.5416666666666666,8
return_delivered_order_items,32,0.6171875,32
