control,draw_block,groups,current,control_reward
credit,0,54,0.2916666666666667,0.2962962962962963
credit,500,52,0.38461538461538464,0.35336538461538464
credit,1000,51,0.22058823529411764,0.19362745098039216
credit,1500,10,0.625,0.6125
grpo,0,54,0.2916666666666667,0.2777777777777778
grpo,500,52,0.38461538461538464,0.36538461538461536
grpo,1000,51,0.22058823529411764,0.18872549019607843
grpo,1500,10,0.625,0.625
credit_repeat,0,54,0.2916666666666667,0.30092592592592593
credit_repeat,500,52,0.38461538461538464,0.37259615384615385
credit_repeat,1000,51,0.22058823529411764,0.20098039215686275
credit_repeat,1500,10,0.625,0.6625
