completed_groups,telecom_groups,reward,env_pass,stale_share,group_se
400,32,0.37109375,0.58203125,0.40625,0.06953464788725426
420,32,0.37109375,0.6171875,0.40625,0.06953464788725426
440,35,0.3392857142857143,0.6178571428571429,0.45714285714285713,0.06593928416109981
460,36,0.3298611111111111,0.6180555555555556,0.4722222222222222,0.06477080658260749
480,37,0.3310810810810811,0.6114864864864865,0.4864864864864865,0.061880605013561504
500,39,0.33653846153846156,0.6153846153846154,0.48717948717948717,0.06094624792807112
520,37,0.32094594594594594,0.597972972972973,0.4864864864864865,0.06231966109566063
540,40,0.296875,0.584375,0.525,0.05915529526875285
560,44,0.3096590909090909,0.6051136363636364,0.5227272727272727,0.057831542041943414
580,43,0.3023255813953488,0.6133720930232558,0.5348837209302325,0.059008593335283764
600,42,0.28273809523809523,0.6190476190476191,0.5476190476190477,0.05919077857995328
620,43,0.26744186046511625,0.6075581395348837,0.6046511627906976,0.05876600465138103
640,46,0.27445652173913043,0.6168478260869565,0.6086956521739131,0.05823225782770085
660,45,0.275,0.625,0.6222222222222222,0.05953841812076662
680,43,0.2877906976744186,0.625,0.6046511627906976,0.061633652754570896
700,45,0.30277777777777776,0.625,0.5777777777777777,0.059788253372229455
720,48,0.2838541666666667,0.609375,0.6041666666666666,0.05702281170369586
740,50,0.3025,0.615,0.58,0.056704794095996755
760,47,0.2925531914893617,0.6090425531914894,0.5957446808510638,0.058563175471335535
780,46,0.29891304347826086,0.6168478260869565,0.5869565217391305,0.059496460545778014
800,46,0.31521739130434784,0.6059782608695652,0.5652173913043478,0.06066000849785534
820,47,0.30851063829787234,0.5877659574468085,0.574468085106383,0.059733046839092724
840,45,0.32222222222222224,0.5777777777777777,0.5555555555555556,0.06160839908049474
860,45,0.34444444444444444,0.5861111111111111,0.5333333333333333,0.06295986821469428
880,44,0.36079545454545453,0.5852272727272727,0.5227272727272727,0.06530642991392974
900,44,0.36079545454545453,0.5880681818181818,0.5227272727272727,0.06530642991392974
920,44,0.35795454545454547,0.59375,0.5454545454545454,0.06560607789859267
940,46,0.391304347826087,0.625,0.5,0.06462086282790876
960,44,0.39204545454545453,0.6164772727272727,0.5,0.06648139476929528
980,43,0.4011627906976744,0.622093023255814,0.4883720930232558,0.06740294634759873
1000,43,0.3808139534883721,0.6046511627906976,0.5348837209302325,0.06706778488552212
1020,41,0.42378048780487804,0.6341463414634146,0.4878048780487805,0.06982639196515956
1040,38,0.4342105263157895,0.6348684210526315,0.47368421052631576,0.07253794962919669
1060,38,0.4342105263157895,0.6348684210526315,0.47368421052631576,0.07253794962919669
1080,38,0.41776315789473684,0.6348684210526315,0.5,0.07323011174579971
1100,37,0.38513513513513514,0.6182432432432432,0.5405405405405406,0.0739951418963942
1120,38,0.4144736842105263,0.6381578947368421,0.5,0.07259437117752435
1140,39,0.36538461538461536,0.6153846153846154,0.5641025641025641,0.07104753702548841
1160,39,0.36538461538461536,0.6153846153846154,0.5641025641025641,0.07104753702548841
1180,40,0.35625,0.615625,0.575,0.06984845087576094
1200,38,0.35855263157894735,0.625,0.5789473684210527,0.07168017810851017
1220,37,0.36824324324324326,0.6486486486486487,0.5675675675675675,0.07296828062991613
1240,38,0.35855263157894735,0.6381578947368421,0.5789473684210527,0.07168017810851017
1260,38,0.33881578947368424,0.618421052631579,0.5789473684210527,0.06959352473172244
1280,40,0.278125,0.5875,0.65,0.06462532237185875
1300,38,0.26973684210526316,0.5789473684210527,0.6578947368421053,0.06575390219002629
1320,40,0.303125,0.59375,0.625,0.06666979660120581
1340,36,0.2743055555555556,0.5625,0.6666666666666666,0.0689741016435217
1360,36,0.25,0.5520833333333334,0.6666666666666666,0.06588078458684124
1380,38,0.24671052631578946,0.5526315789473685,0.6578947368421053,0.06280806758726595
1400,39,0.28205128205128205,0.5673076923076923,0.6153846153846154,0.06407725546272686
1420,38,0.2631578947368421,0.555921052631579,0.631578947368421,0.06286159158054727
1440,39,0.2403846153846154,0.5384615384615384,0.6410256410256411,0.059409880440094834
1460,40,0.234375,0.528125,0.65,0.0582166013803799
1480,40,0.234375,0.5375,0.65,0.0582166013803799
1500,42,0.20833333333333334,0.5446428571428571,0.6904761904761905,0.05532520965232707
1520,44,0.23863636363636365,0.5710227272727273,0.6590909090909091,0.05701604027588298
1540,44,0.26136363636363635,0.5909090909090909,0.6363636363636364,0.059288274235711515
1560,48,0.2708333333333333,0.59375,0.625,0.05672979639531922
1580,49,0.27040816326530615,0.5994897959183674,0.6122448979591837,0.05496052942366965
1600,48,0.2604166666666667,0.5963541666666666,0.625,0.055182609757257306
1620,48,0.2604166666666667,0.6015625,0.625,0.055182609757257306
