update,start,end
0,1790480157.305497,1790480230.913885
1,1790480292.305405,1790480377.814055
2,1790480388.907281,1790480472.093142
3,1790480504.316809,1790480584.255486
4,1790480606.294486,1790480687.150798
5,1790480694.471037,1790480772.355935
6,1790480782.345512,1790480863.003943
7,1790480877.812431,1790480947.496333
8,1790480985.150681,1790481064.382528
9,1790481113.841658,1790481188.783841
10,1790481244.982289,1790481324.522655
11,1790481381.551589,1790481456.180395
12,1790481475.759695,1790481556.312213
13,1790481568.83357,1790481637.390358
14,1790481653.030664,1790481730.183043
15,1790481739.072074,1790481834.420616
16,1790481847.850272,1790481929.810757
17,1790481941.183051,1790482020.958079
18,1790482064.352596,1790482137.479729
19,1790482189.079223,1790482266.438932
20,1790482308.957354,1790482378.629985
21,1790482391.715062,1790482464.062514
22,1790482530.362299,1790482618.027571
23,1790482687.556985,1790482767.63405
24,1790482829.650115,1790482919.561831
25,1790482930.249265,1790483014.046845
26,1790483026.017299,1790483116.53884
27,1790483122.84018,1790483199.174055
28,1790483259.165983,1790483336.001575
29,1790483381.678502,1790483463.931323
30,1790483508.705724,1790483583.895487
31,1790483588.532421,1790483677.364989
32,1790483686.417361,1790483757.706247
33,1790483799.223923,1790483881.713636
34,1790483890.586921,1790483965.556083
35,1790483968.637276,1790484048.383782
36,1790484051.894115,1790484130.442209
37,1790484150.345261,1790484217.287015
38,1790484270.560739,1790484353.024718
39,1790484410.137316,1790484484.778273
40,1790484524.774551,1790484604.895614
41,1790484617.209745,1790484695.081241
42,1790484710.833129,1790484779.253328
43,1790484846.238479,1790484918.028981
44,1790484960.389536,1790485046.662823
45,1790485097.123118,1790485186.353631
46,1790485220.429152,1790485302.000621
47,1790485337.451943,1790485411.880049
48,1790485430.25747,1790485502.289454
49,1790485515.713613,1790485595.212258
50,1790485630.885648,1790485707.646754
51,1790485753.737369,1790485829.780379
52,1790485846.609451,1790485923.733731
53,1790485953.973251,1790486046.20777
54,1790486058.989344,1790486123.035173
55,1790486138.273505,1790486209.407445
56,1790486241.38744,1790486314.8029
57,1790486330.089768,1790486409.797641
58,1790486429.999973,1790486505.228799
59,1790486562.145084,1790486636.265499
60,1790486723.588926,1790486790.966308
61,1790486858.746938,1790486935.866351
62,1790486951.47607,1790487031.904549
63,1790487059.331514,1790487140.552888
64,1790487185.836564,1790487255.333272
65,1790487304.642576,1790487364.703267
66,1790487377.578259,1790487451.46215
67,1790487504.178429,1790487567.420429
68,1790487651.88467,1790487720.682699
69,1790487737.507401,1790487816.321988
70,1790487850.927287,1790487931.053832
71,1790487934.711176,1790488018.091374
72,1790488029.894504,1790488106.536457
73,1790488164.654631,1790488240.265508
74,1790488272.489722,1790488348.923853
75,1790488412.787792,1790488471.446829
76,1790488493.677158,1790488562.35898
77,1790488581.624494,1790488650.720012
78,1790488735.008897,1790488810.917514
79,1790488873.377315,1790488937.879118
80,1790489012.500594,1790489091.000976
81,1790489190.971918,1790489262.92144
82,1790489286.931269,1790489370.381764
83,1790489421.287058,1790489512.755329
84,1790489529.665063,1790489597.597678
85,1790489640.868611,1790489718.241515
86,1790489775.54509,1790489858.534502
87,1790489879.717362,1790489949.517161
88,1790489999.06122,1790490064.873587
89,1790490117.492254,1790490189.696615
90,1790490227.560405,1790490306.796503
