groups,telecom_groups,old,new
400,32,0.37109375,0.4765625
420,32,0.37109375,0.51171875
440,35,0.3392857142857143,0.5142857142857142
460,36,0.3298611111111111,0.5173611111111112
480,37,0.3310810810810811,0.5405405405405406
500,39,0.33653846153846156,0.5480769230769231
520,37,0.32094594594594594,0.527027027027027
540,40,0.296875,0.515625
560,44,0.3096590909090909,0.5397727272727273
580,43,0.3023255813953488,0.5465116279069767
600,42,0.28273809523809523,0.5357142857142857
620,43,0.26744186046511625,0.5348837209302325
640,46,0.27445652173913043,0.5434782608695652
660,45,0.275,0.55
680,43,0.2877906976744186,0.5465116279069767
700,45,0.30277777777777776,0.55
720,48,0.2838541666666667,0.5208333333333334
740,50,0.3025,0.53
760,47,0.2925531914893617,0.5345744680851063
780,46,0.29891304347826086,0.5407608695652174
800,46,0.31521739130434784,0.5461956521739131
820,47,0.30851063829787234,0.526595744680851
840,45,0.32222222222222224,0.5166666666666667
860,45,0.34444444444444444,0.525
880,44,0.36079545454545453,0.5227272727272727
900,44,0.36079545454545453,0.5198863636363636
920,44,0.35795454545454547,0.5255681818181818
940,46,0.391304347826087,0.5461956521739131
960,44,0.39204545454545453,0.5284090909090909
980,43,0.4011627906976744,0.5319767441860465
1000,43,0.3808139534883721,0.5290697674418605
1020,41,0.42378048780487804,0.5579268292682927
1040,38,0.4342105263157895,0.5526315789473685
1060,38,0.4342105263157895,0.5526315789473685
1080,38,0.41776315789473684,0.5526315789473685
1100,37,0.38513513513513514,0.5337837837837838
1120,38,0.4144736842105263,0.569078947368421
1140,39,0.36538461538461536,0.5480769230769231
1160,39,0.36538461538461536,0.5480769230769231
1180,40,0.35625,0.546875
1200,38,0.35855263157894735,0.5526315789473685
1220,37,0.36824324324324326,0.5743243243243243
1240,38,0.35855263157894735,0.5625
1260,38,0.33881578947368424,0.5427631578947368
1280,40,0.278125,0.50625
1300,38,0.26973684210526316,0.5
1320,40,0.303125,0.51875
1340,36,0.2743055555555556,0.5
1360,36,0.25,0.4722222222222222
1380,38,0.24671052631578946,0.47039473684210525
1400,39,0.28205128205128205,0.49038461538461536
1420,38,0.2631578947368421,0.4769736842105263
1440,39,0.2403846153846154,0.46153846153846156
1460,40,0.234375,0.453125
1480,40,0.234375,0.465625
1500,42,0.20833333333333334,0.4732142857142857
1520,44,0.23863636363636365,0.5056818181818182
1540,44,0.26136363636363635,0.5227272727272727
1560,48,0.2708333333333333,0.5260416666666666
1580,49,0.27040816326530615,0.5204081632653061
1600,48,0.2604166666666667,0.515625
1620,48,0.2604166666666667,0.5234375
1640,49,0.3112244897959184,0.5637755102040817
1660,50,0.33,0.5775
1680,49,0.3673469387755102,0.5918367346938775
1700,51,0.36764705882352944,0.5980392156862745
1720,51,0.37745098039215685,0.6029411764705882
1740,54,0.4027777777777778,0.6087962962962963
1760,54,0.4050925925925926,0.6273148148148148
1780,53,0.3867924528301887,0.625
1800,50,0.3775,0.6225
1820,52,0.37740384615384615,0.625
1840,51,0.3799019607843137,0.6323529411764706
1860,51,0.3799019607843137,0.6421568627450981
1880,50,0.3875,0.6375
1900,51,0.4387254901960784,0.6642156862745098
1920,50,0.4025,0.6325
1940,48,0.3984375,0.625
1960,48,0.4088541666666667,0.625
1980,45,0.4083333333333333,0.6277777777777778
2000,48,0.4140625,0.6328125
2020,48,0.4348958333333333,0.625
2040,46,0.39402173913043476,0.6005434782608695
2060,45,0.36944444444444446,0.5833333333333334
2080,43,0.37209302325581395,0.5959302325581395
2100,42,0.3630952380952381,0.5863095238095238
2120,40,0.321875,0.5625
2140,39,0.28846153846153844,0.5641025641025641
2160,38,0.2894736842105263,0.5657894736842105
2180,42,0.28869047619047616,0.5505952380952381
2200,42,0.30952380952380953,0.5625
2220,42,0.2916666666666667,0.5535714285714286
2240,41,0.3170731707317073,0.5701219512195121
2260,44,0.29829545454545453,0.5369318181818182
2280,46,0.30434782608695654,0.5489130434782609
2300,42,0.2857142857142857,0.5238095238095238
2320,40,0.290625,0.509375
2340,40,0.290625,0.5
2360,37,0.26013513513513514,0.5
2380,39,0.28846153846153844,0.5160256410256411
2400,43,0.32848837209302323,0.5406976744186046
2420,45,0.30833333333333335,0.5416666666666666
2440,46,0.3342391304347826,0.5543478260869565
2460,46,0.35597826086956524,0.5733695652173914
2480,46,0.33695652173913043,0.5652173913043478
2500,51,0.3088235294117647,0.5416666666666666
2520,52,0.30288461538461536,0.5456730769230769
2540,51,0.3014705882352941,0.5343137254901961
2560,51,0.30637254901960786,0.5245098039215687
