model,domain,tasks,simulations,pass_at_1,pass_at_4_any,pass_power_4
Raw Instruct,overall,197,788,0.18908629441624367,0.3197969543147208,0.08629441624365482
Raw Instruct,airline,20,80,0.3375,0.65,0.1
Raw Instruct,retail,40,160,0.525,0.725,0.3
Raw Instruct,telecom,40,160,0.175,0.425,0.05
Raw Instruct,banking_knowledge,97,388,0.02577319587628866,0.041237113402061855,0.010309278350515464
SFT4505,overall,197,788,0.27918781725888325,0.43147208121827413,0.1319796954314721
SFT4505,airline,20,80,0.425,0.65,0.3
SFT4505,retail,40,160,0.5875,0.775,0.35
SFT4505,telecom,40,160,0.475,0.825,0.125
SFT4505,banking_knowledge,97,388,0.041237113402061855,0.08247422680412371,0.010309278350515464
Vanilla GRPO iter139,overall,197,788,0.29949238578680204,0.4619289340101523,0.1319796954314721
Vanilla GRPO iter139,airline,20,80,0.425,0.6,0.25
Vanilla GRPO iter139,retail,40,160,0.6125,0.875,0.375
Vanilla GRPO iter139,telecom,40,160,0.51875,0.85,0.15
Vanilla GRPO iter139,banking_knowledge,97,388,0.05412371134020619,0.10309278350515463,0.0
Mix RL iter139,overall,197,788,0.31218274111675126,0.4873096446700508,0.13705583756345177
Mix RL iter139,airline,20,80,0.4,0.7,0.15
Mix RL iter139,retail,40,160,0.6375,0.85,0.4
Mix RL iter139,telecom,40,160,0.5625,0.875,0.2
Mix RL iter139,banking_knowledge,97,388,0.05670103092783505,0.13402061855670103,0.0
Airline expert iter29,overall,197,788,0.2956852791878173,0.4720812182741117,0.1319796954314721
Airline expert iter29,airline,20,80,0.5375,0.75,0.35
Airline expert iter29,retail,40,160,0.59375,0.9,0.3
Airline expert iter29,telecom,40,160,0.49375,0.825,0.175
Airline expert iter29,banking_knowledge,97,388,0.041237113402061855,0.09278350515463918,0.0
OPD iter9,overall,197,788,0.3299492385786802,0.4619289340101523,0.15228426395939088
OPD iter9,airline,20,80,0.5,0.7,0.15
OPD iter9,retail,40,160,0.63125,0.825,0.375
OPD iter9,telecom,40,160,0.6,0.85,0.25
OPD iter9,banking_knowledge,97,388,0.059278350515463915,0.10309278350515463,0.020618556701030927
OPD iter19,overall,197,788,0.3299492385786802,0.4517766497461929,0.17766497461928935
OPD iter19,airline,20,80,0.5125,0.75,0.2
OPD iter19,retail,40,160,0.66875,0.825,0.45
OPD iter19,telecom,40,160,0.5625,0.825,0.275
OPD iter19,banking_knowledge,97,388,0.05670103092783505,0.08247422680412371,0.020618556701030927
OPD iter29,overall,197,788,0.3083756345177665,0.45685279187817257,0.15736040609137056
OPD iter29,airline,20,80,0.4875,0.7,0.25
OPD iter29,retail,40,160,0.6,0.825,0.375
OPD iter29,telecom,40,160,0.53125,0.825,0.25
OPD iter29,banking_knowledge,97,388,0.059278350515463915,0.10309278350515463,0.010309278350515464
OPD iter39,overall,197,788,0.3197969543147208,0.467005076142132,0.17766497461928935
OPD iter39,airline,20,80,0.45,0.65,0.25
OPD iter39,retail,40,160,0.63125,0.9,0.425
OPD iter39,telecom,40,160,0.5875,0.825,0.3
OPD iter39,banking_knowledge,97,388,0.05412371134020619,0.10309278350515463,0.010309278350515464
OPD iter49,overall,197,788,0.31725888324873097,0.4720812182741117,0.15736040609137056
OPD iter49,airline,20,80,0.525,0.7,0.3
OPD iter49,retail,40,160,0.625,0.875,0.4
OPD iter49,telecom,40,160,0.5625,0.875,0.225
OPD iter49,banking_knowledge,97,388,0.04639175257731959,0.09278350515463918,0.0
OPD iter59,overall,197,788,0.3197969543147208,0.48223350253807107,0.14213197969543148
OPD iter59,airline,20,80,0.5125,0.75,0.2
OPD iter59,retail,40,160,0.65,0.85,0.475
OPD iter59,telecom,40,160,0.54375,0.875,0.125
OPD iter59,banking_knowledge,97,388,0.05154639175257732,0.1134020618556701,0.0
