run,domain,source_share,completed_share,trained_share,completed_reward,trained_reward,complete_groups,uniform_group_fraction,unusable_group_fraction,wall_seconds,zero_domain_batches
credit,airline,0.4548335974643423,0.4489806425041186,0.540625,0.5504529297098957,0.5147605284888522,2176,0.4287683823529412,0.029411764705882353,172.11829822777761,0
credit,retail,0.22305863708399365,0.22376956342668863,0.2611607142857143,0.5573449902220177,0.5286324786324786,1085,0.45806451612903226,0.0,157.20439965184264,0
credit,telecom,0.10736925515055468,0.10857701812191103,0.06339285714285714,0.346135609293504,0.6338028169014085,518,0.693050193050193,0.19305019305019305,397.5807874663964,44
credit,banking,0.21473851030110935,0.2186727759472817,0.13482142857142856,0.9044143613890524,0.7301324503311258,1061,0.704052780395853,0.012252591894439209,88.77046895297723,16
grpo,airline,0.4548335974643423,0.4501626579915738,0.56,0.5351261698850847,0.5140904017857143,2099,0.39685564554549785,0.038113387327298714,140.7744302792634,0
grpo,retail,0.22305863708399365,0.2251079942403072,0.251875,0.5482113243307273,0.5409429280397022,1053,0.43399810066476735,0.0,124.08563527586635,1
grpo,telecom,0.10736925515055468,0.10759426163937923,0.06625,0.33680297397769515,0.5966981132075472,496,0.6733870967741935,0.18548387096774194,336.9483220396538,34
grpo,banking,0.21473851030110935,0.2171350861287398,0.121875,0.8997912317327766,0.7416666666666667,1017,0.6892822025565388,0.024582104228121928,72.80078866702753,13
credit_repeat,airline,0.4548335974643423,0.45039307128580947,0.5441964285714286,0.540973906869416,0.5093314191960624,2109,0.4049312470365102,0.03176861071597914,175.0629548643607,0
credit_repeat,retail,0.22305863708399365,0.22502331778814125,0.25892857142857145,0.5607531975367125,0.5293103448275862,1055,0.44454976303317534,0.0,158.75806991086344,1
credit_repeat,telecom,0.10736925515055468,0.10755496335776149,0.06205357142857143,0.35455896927651137,0.6097122302158273,496,0.6935483870967742,0.17338709677419356,386.51369300162435,51
credit_repeat,banking,0.21473851030110935,0.2170286475682878,0.13482142857142856,0.9045923379174853,0.7313741721854304,1018,0.6925343811394892,0.009823182711198428,88.9315064289737,16
