run,task_draw_bin,groups,raw_reward,fixed_domain_reward,ci_low,ci_high,airline,banking,retail,telecom
credit,0,500,0.52225,0.5240138647549566,0.4956821474991329,0.5526247362180383,0.4581422018348624,0.8392857142857143,0.4644308943089431,0.2962962962962963
credit,500,500,0.55875,0.5519108759543039,0.5203013799464071,0.5823520046167096,0.4639303482587065,0.8904867256637168,0.5009328358208955,0.35336538461538464
credit,1000,500,0.56925,0.5773847858359089,0.5484408025607006,0.6051545177531497,0.526824034334764,0.9127604166666666,0.5413135593220338,0.1957547169811321
credit,1500,500,0.594,0.5934931255370136,0.5621716884716802,0.6263154663662874,0.5068181818181818,0.8930180180180181,0.5660377358490566,0.41865079365079366
credit,2000,500,0.63,0.6221751439558075,0.5879066706077021,0.6533361294247059,0.6039823008849557,0.9212184873949579,0.5290404040404041,0.29464285714285715
credit,2500,500,0.65225,0.6441046926974137,0.6126791360177318,0.6756668743994283,0.5886075949367089,0.9040178571428571,0.6128318584070797,0.4243421052631579
credit,3000,500,0.62375,0.6300780028843443,0.6006646325744209,0.6605787009624203,0.5881057268722467,0.9178921568627451,0.5848214285714286,0.326271186440678
credit,3500,500,0.64625,0.6485933346619571,0.6149852330749548,0.6809019580222936,0.5849358974358975,0.9334112149532711,0.6274509803921569,0.3925438596491228
credit,4000,500,0.65125,0.6526622633538202,0.6214438514196106,0.6845906588672268,0.599025974025974,0.9369158878504673,0.5988095238095238,0.4232456140350877
credit,4500,340,0.6503676470588236,0.6316594760396175,0.5896650834251723,0.6726056942565319,0.5855704697986577,0.8932584269662921,0.589041095890411,0.3922413793103448
grpo,0,500,0.5085,0.5098866223434632,0.4797698476203577,0.5412838524743321,0.44438073394495414,0.8119047619047619,0.4644308943089431,0.2777777777777778
grpo,500,500,0.56075,0.553732743149349,0.5222436019304192,0.5848809043446772,0.4614427860696517,0.8982300884955752,0.5009328358208955,0.36538461538461536
grpo,1000,500,0.558,0.5661442257227395,0.5364503803822537,0.594315344168761,0.5128755364806867,0.9010416666666666,0.5317796610169492,0.19339622641509435
grpo,1500,500,0.58775,0.5879233143567234,0.5566693757644405,0.619155787392241,0.5068181818181818,0.8873873873873874,0.5636792452830188,0.38293650793650796
grpo,2000,500,0.6105,0.6022493705504017,0.5711046983407381,0.6336436123374585,0.5785398230088495,0.9096638655462185,0.5037878787878788,0.2924107142857143
grpo,2500,500,0.6395,0.6307043626716421,0.6000448019654834,0.6636802971220032,0.5727848101265823,0.8973214285714286,0.6073008849557522,0.39144736842105265
grpo,3000,500,0.6155,0.6216773598163853,0.5905867396483486,0.6532809582420217,0.5726872246696035,0.9166666666666666,0.5736607142857143,0.3389830508474576
grpo,3500,500,0.63275,0.6351901798547559,0.6040672916693482,0.6667302025660157,0.5657051282051282,0.927570093457944,0.616421568627451,0.38377192982456143
grpo,4000,497,0.6388329979879276,0.638927411756801,0.6077720009021004,0.6712923772184772,0.5822510822510822,0.9322429906542056,0.5869047619047619,0.40046296296296297
grpo,4500,168,0.6547619047619048,0.6278580102560138,0.5681245591105872,0.6845792891627906,0.5763888888888888,0.9361111111111111,0.5457317073170732,0.4
credit_repeat,0,500,0.5115,0.5131891522223836,0.48315500219307306,0.5427262169381216,0.455848623853211,0.7988095238095239,0.4573170731707317,0.30092592592592593
credit_repeat,500,500,0.5745,0.565800729077384,0.535038049301844,0.5953963978124186,0.4626865671641791,0.9103982300884956,0.5373134328358209,0.37259615384615385
credit_repeat,1000,500,0.5785,0.5866018547552673,0.5567773338932894,0.6162985997219246,0.5370171673819742,0.9205729166666666,0.5497881355932204,0.20518867924528303
credit_repeat,1500,500,0.59575,0.5954148889196021,0.5638089867959698,0.6262546487313371,0.5051136363636364,0.9054054054054054,0.5719339622641509,0.40674603174603174
credit_repeat,2000,500,0.61475,0.6070178260869611,0.5757260864215629,0.6389317347761716,0.5763274336283186,0.907563025210084,0.5252525252525253,0.30580357142857145
credit_repeat,2500,500,0.6485,0.6410682862196425,0.6086845951110947,0.6730735423047022,0.5680379746835443,0.9084821428571429,0.6305309734513275,0.4375
credit_repeat,3000,500,0.6235,0.6297377241339827,0.5984631731309605,0.6594760438699485,0.5837004405286343,0.9240196078431373,0.5792410714285714,0.3411016949152542
credit_repeat,3500,500,0.633,0.635292201525939,0.6027286703578719,0.6663173380098794,0.5598290598290598,0.9380841121495327,0.6102941176470589,0.40131578947368424
credit_repeat,4000,498,0.6465863453815262,0.6469135070167032,0.6155270715610056,0.6769075344949198,0.5957792207792207,0.9240654205607477,0.5857142857142857,0.43636363636363634
credit_repeat,4500,180,0.6631944444444444,0.6431208939290105,0.5864153501456236,0.7013297970034795,0.5777439024390244,0.9130434782608695,0.5988372093023255,0.4722222222222222
