update,rollout/producer_wait_seconds,rollout/producer_duration_seconds,rollout/ready_wait_seconds,rollout/lag_wait_seconds,rollout/sync_barrier_seconds,rollout/policy_lag_max,rollout/policy_lag_mean,rollout/zero_variance_group_rate,rollout/inflight_trajectories,rollout/ready_groups,rollout/buffered_groups,rollout/filtered_groups_total,rollout/filtered_groups/official_outcome_all_zero,rollout/filtered_groups/official_outcome_all_one,rollout/timing/tokenize_seconds_mean,rollout/timing/evaluate_seconds_mean,rollout/timing/step_wait_seconds_mean,rollout/timing/agent_wait_seconds_mean,rollout/timing/agent_active_seconds_mean,rollout/timing/simulation_seconds_mean,rollout/timing/pack_seconds_mean,rollout/timing/thread_cpu_seconds_mean,rollout/timing/user_seconds_mean,rollout/timing/wall_seconds_mean,rollout/timing/step_active_seconds_mean,rollout/timing/setup_seconds_mean,rollout/timing/dump_seconds_mean,rollout/timing/user_calls_mean,rollout/timing/progress_seconds_mean,rollout/trained_groups_airline,rollout/trained_groups_retail,rollout/trained_groups_telecom,rollout/trained_groups_banking,rollout/trained_groups_banking_knowledge,rollout/drawn_groups_retail,rollout/drawn_groups_airline,rollout/drawn_groups_banking,rollout/drawn_groups_telecom,rollout/response_len/mean,rollout/response_len/median,rollout/response_len/max,rollout/response_len/min,rollout/prefix_cache_hit_rate,rollout/avg_cached_tokens_per_sample,rollout/repetition_frac,rollout/truncated_ratio,perf/rollout_time,perf/non_generation_time/mean,perf/non_generation_time/median,perf/non_generation_time/max,perf/non_generation_time/min,perf/tokens_per_gpu_per_sec,perf/longest_sample_tokens_per_sec,perf/longest_sample_non_generation_time,perf/longest_sample_tokens_per_sec_without_non_generation,perf/effective_tokens_per_gpu_per_sec,perf/longest_effective_sample_tokens_per_sec,perf/longest_effective_sample_non_generation_time,perf/longest_effective_sample_tokens_per_sec_without_non_generation,train/loss,train/pg_loss,train/entropy_loss,train/pg_clipfrac,train/ppo_kl,train/train_rollout_logprob_abs_diff,train/kl_loss,train/ois,train/tis,train/tis_clipfrac,train/tis_abs,train/tis_weight,train/tis_weight_squared,train/grad_norm,train/lr-pg_0,train/lr-pg_1,train/global_batch_size,train/step,start,end,rollout/filtered_groups/permanently_too_long,rollout/filtered_groups/removed_sample
40,301.9694390296936,213.83890986442566,301.8975875377655,0.0,0.0007395744323730469,0,0.0,0.0,252,0,71,12,8,4,0.08724485378479585,1.7486517956131138,17.281851332634687,1.9230356831103563,9.845261747017503,68.61376667342847,0.1965479931095615,1.43016367890625,38.06866036914289,79.60929536924232,51.00797698460519,8.707684132124996,0.24326205760007724,5.8203125,0.0,11,5,0,0,0,318,525,258,128,1335.3046875,1342.5,3068,237,0.0,0.0,0.0,0.0,213.83890986442566,67.59709068224765,55.96616208925843,208.048026394099,22.42041414231062,366.4542001095519,35.33968633113195,46.29331371188164,45.10413984930784,133.21476441336378,14.347248599168031,153.03244015574455,50.455157398522566,-0.0002956930547952652,-0.0002956930547952652,0.24289055168628693,0.0,0.0,0.02245199866592884,0.0035903542302548885,1.0,1.000146508216858,0.0003778119571506977,0.021907150745391846,0.9997973442077637,1.0048707723617554,0.2791538939590641,2e-06,2e-06,128,40,1790340777.445352,1790340855.366798,,
41,29.086838006973267,337.6726641654968,29.086012601852417,0.0,0.0007171630859375,1,0.9921875,0.0,251,0,72,17,9,8,0.15325441004824825,2.0272533254756127,46.916736498475075,0.5164223331958055,11.022597264498472,120.45026287419023,0.19128801525221206,1.556115010421875,60.95244179666042,125.55553746083751,73.16344957053661,2.433074498665519,0.2888835728808772,6.7890625,0.0,8,6,0,2,0,325,534,263,129,1571.5234375,1418.5,6878,2,0.0,0.0,0.0,0.0,337.6726641654968,113.95531979980296,97.85393409244716,314.73565911501646,14.350259814411402,286.6227472272719,33.44955395756941,292.6219053827226,250.71719778266646,99.28500850427731,20.3688386117895,155.64721355959773,37.785924864383205,-0.003787448164075613,-0.003787448164075613,0.264026403427124,0.0,0.0,0.029327694326639175,0.006900476757436991,0.9999999403953552,1.0074759721755981,0.00042375849443487823,0.029950300231575966,1.0072381496429443,1.0255391597747803,0.8844958435098942,2e-06,2e-06,128,41,1790340890.786093,1790340976.041086,,
42,12.825576543807983,468.74821043014526,12.824711084365845,0.0,0.00078582763671875,2,1.8515625,0.0,253,0,70,27,17,10,0.15889209241140634,2.274369997321628,50.71296353265643,1.4427916668355465,13.180193474516273,133.58451646118192,0.35602674921392463,1.95299538221875,66.78400629758835,138.93686714829528,82.30975876376033,2.2255040834425017,0.3286634066316765,6.4765625,0.0,13,2,0,1,0,330,544,268,133,1593.296875,1477.5,4558,34,0.0,0.0,0.0,0.0,468.74821043014526,124.17299410823034,107.0670010689646,429.5551297478378,19.26572634279728,203.99082323021062,24.40969319008234,97.80150055140257,30.845400957297155,72.51298794750004,9.723770456248497,379.94820000603795,51.32882280341039,-0.0011289436370134354,-0.0011289436370134354,0.2854755222797394,0.0,0.0,0.024691393598914146,0.014891679398715496,0.9999999403953552,0.9991056323051453,0.0008657816797494888,0.021905673667788506,0.9987427592277527,1.0034968852996826,0.6092243008239634,2e-06,2e-06,128,42,1790340996.099544,1790341077.900612,,
43,29.67432951927185,599.6641573905945,29.6702139377594,0.0,0.0008089542388916016,3,2.1171875,0.0,254,0,70,38,20,16,0.1898113231291063,2.2096218144870363,54.36880065687001,3.7993268743157387,17.031565504148602,147.18688696049503,0.2768056867935229,1.71120212178125,70.40090241096914,151.99443385159248,92.29088548012078,1.7916846937150694,0.32476310821948573,8.0625,0.0,6,6,1,3,0,335,555,276,136,1750.421875,1536.5,4481,122,0.0,0.0,0.0,0.0,599.6641573905945,131.17813127487898,110.17747090756893,557.3370007798076,11.602143287658691,194.46357081064784,21.08680307828305,31.35050531104207,22.250037375892486,62.272078250977074,7.472515982110427,444.27679788693786,28.837609534735364,0.00018654484301805496,0.00018654484301805496,0.31154152750968933,0.0,0.0,0.01051641721278429,0.003304653335362673,1.0,0.9999753832817078,6.401487917173654e-05,0.01043812744319439,0.9999396204948425,1.0012885332107544,0.2978950093584737,2e-06,2e-06,128,43,1790341111.196338,1790341203.914212,1,1
44,40.410226583480835,375.39542746543884,40.40928840637207,0.0,0.0008420944213867188,4,2.0234375,0.0,250,0,71,53,26,25,0.17284444993129,2.5201979436387774,44.340020660310984,4.769264463335276,17.433943055570126,121.16954700034694,0.22021736338501796,1.73042129109375,52.946827882900834,125.55443877945072,76.5407050922513,1.1472560446127318,0.31968546551070176,7.15625,0.0,11,2,1,2,0,339,576,279,140,1452.3125,1312.0,4422,276,0.0,0.0,0.0,0.0,375.39542746543884,103.17908219923265,94.18554286845028,339.9221902564168,13.322930045425892,241.99815275683864,31.127177224543555,46.38176142051816,35.515242088468845,82.53341516664882,11.779578749416483,126.83413802087307,17.790380834768705,-3.7942081689834595e-06,-3.7942081689834595e-06,0.24519094824790955,0.0,0.0,0.006100839003920555,0.003417262574657798,1.0,0.999934732913971,2.1306817870936356e-05,0.0060679735615849495,0.9999313950538635,1.0003982782363892,0.2666932671412603,2e-06,2e-06,128,44,1790341250.643065,1790341326.110095,1,1
45,72.32952976226807,473.10598707199097,72.32277083396912,0.0,0.001285552978515625,4,2.0625,0.0,250,0,74,68,32,34,0.1375625545915682,2.6509688552760053,47.246989995241165,4.599424295127392,19.433921821415424,133.39702814081102,0.2591717037430499,1.965554303515625,60.10113793797791,138.4049321176426,85.5398852173239,1.493229432235239,0.40579368750331923,7.2109375,0.0,7,4,2,3,0,346,588,290,144,1655.1171875,1466.0,7126,313,0.0,0.0,0.0,0.0,473.10598707199097,116.39695468990249,99.41935049183667,434.8615834340453,20.360273212194443,235.80375162255328,26.131565310583913,80.58285121619701,31.496232631092468,74.63267773293639,15.062164070470029,280.0577692463994,36.913057681982586,8.630100637674332e-06,8.630100637674332e-06,0.29998013377189636,0.0,0.0,0.006801493465900421,0.003359034191817045,0.9999999403953552,0.9999655485153198,0.0,0.006800051778554916,0.9999655485153198,1.0003790855407715,0.32006747480629577,2e-06,2e-06,128,45,1790341406.623043,1790341499.492851,1,1
46,4.3352251052856445,564.6259996891022,4.332165002822876,0.0,0.0014688968658447266,5,1.6171875,0.0,251,0,69,85,35,47,0.13535565938218497,2.8192125326022506,50.381365502253175,3.525406137108803,16.31390347890556,119.21695957554039,0.28311418869998306,2.042627390984375,47.25805327296257,124.86089057876961,68.32859108038247,1.9149601258977782,0.47948848718078807,5.9296875,0.0,11,4,0,1,0,351,605,294,146,1294.5234375,1182.0,3082,316,0.0,0.0,0.0,0.0,564.6259996891022,106.27003151422832,92.19207140989602,545.6445730030537,12.515266675502062,152.06673688531976,20.03450072477832,17.54566676542163,20.67703647752598,48.91113766494346,5.458480483890273,284.840567227453,11.015584238548433,4.941737279295921e-05,4.941737279295921e-05,0.22179049253463745,0.0,0.0,0.005462828557938337,0.0035913153551518917,1.0,0.9999533295631409,0.0,0.005463631357997656,0.9999533295631409,1.0002923011779785,0.2535786642921745,2e-06,2e-06,128,46,1790341512.717629,1790341588.111072,1,2
47,67.19656229019165,497.0266444683075,67.19097685813904,0.0,0.000797271728515625,4,2.171875,0.0,256,0,71,104,41,58,0.23855735338293016,2.2612675087875687,41.81192410737276,3.979156857356429,17.543532403185964,134.10795113179483,0.4303448624559678,1.9230151858359374,68.82970767840743,139.44305636637728,91.71323652938008,2.022190715710167,0.36834752513095737,8.3046875,0.0,8,5,2,1,0,358,619,303,153,1488.296875,1334.0,6510,240,0.0,0.0,0.0,0.0,497.0266444683075,117.95344972677412,95.09542924724519,462.7890770584345,22.99512407183647,203.04209936529517,20.9646708400246,160.940484251827,31.003954442183066,63.880545815200996,13.097889363585427,160.940484251827,19.370032957640284,-6.3301995396614075e-06,-6.3301995396614075e-06,0.27438652515411377,0.0,0.0,0.006415968295186758,0.003512616967782378,1.0,1.0000141859054565,0.0,0.006415587849915028,1.0000141859054565,1.0004570484161377,0.2934677959886053,2e-06,2e-06,128,47,1790341662.751552,1790341746.730571,3,2
48,70.57398462295532,310.3355143070221,70.56984615325928,0.0,0.0007658004760742188,3,1.59375,0.0,254,0,74,122,44,71,0.3679316856432706,3.2425199861463625,38.482604056596756,5.0864341128617525,21.308759666979313,113.62730343925068,0.3672661848831922,2.2437400055078127,46.324871979653835,120.81441463177907,74.37484861724079,2.67877045791829,0.5234528274741024,6.15625,0.0,12,3,0,1,0,368,637,309,156,1611.78125,1353.5,6047,214,0.0,0.0,0.0,0.0,310.3355143070221,93.90905936158379,84.64912727102637,279.03560788184404,21.755869559943676,331.49820733984507,34.38214290048648,62.00005668401718,42.966075413193714,110.79836203551334,19.48536252289051,96.80243714153767,28.3187976320581,-3.7779100239276886e-05,-3.7779100239276886e-05,0.21628105640411377,0.0,0.0,0.0050966255366802216,0.0039756326004862785,1.0,0.9999686479568481,0.0,0.005089260172098875,0.9999686479568481,1.0002820491790771,0.27949299628929125,2e-06,2e-06,128,48,1790341824.248288,1790341905.98631,5,2
49,56.68220067024231,431.80289340019226,56.680880069732666,0.0,0.0007395744323730469,3,1.5625,0.0,249,0,78,129,48,73,0.24300097420928068,2.3474489288346376,44.043379694223404,3.726696666330099,15.171452309936285,109.88894397136755,0.27348299039294943,1.8516855745,45.44312026537955,115.09688339175773,65.48846504837275,1.9259478551975917,0.33606640057405457,5.828125,0.0,7,5,1,3,0,375,649,314,159,1260.0859375,1180.0,4888,117,0.0,0.0,0.0,0.0,431.80289340019226,95.97679751276155,80.14054319635034,343.9699978530407,7.697528891265392,251.1836650265601,27.892355943149493,63.56592896580696,32.70719988282456,62.25487078526687,11.319979728505041,343.9699978530407,55.651131270925276,-9.073130786418915e-05,-9.073130786418915e-05,0.27143165469169617,0.0,0.0,0.006089854519814253,0.003488415852189064,1.0,0.9998644590377808,0.0,0.006081121973693371,0.9998644590377808,1.0001329183578491,0.3723959511532186,2e-06,2e-06,128,49,1790341971.93172,1790342057.300396,5,3
50,21.274373531341553,421.63851857185364,21.27265501022339,0.0,0.0016047954559326172,3,1.671875,0.0,256,0,67,157,56,89,0.18195761897368357,3.6604068461165298,48.17308286577463,4.57565925642848,23.1721525285393,143.5883880109177,0.345188352977857,2.5661913863359374,65.26937825232744,150.24656870838953,94.61054694652557,2.0221373488893732,0.4282472503837198,7.53125,0.0,9,6,0,1,0,379,665,321,165,1997.640625,1659.0,7189,233,0.0,0.0,0.0078125,0.0,421.63851857185364,123.53369384663529,108.8358378726989,374.46861750259995,23.869807235896587,304.60729039104507,26.850013699758147,88.5631111189723,33.989300160509536,101.07315023703381,17.05015002981727,171.49278203770518,28.739246567245008,5.112658254802227e-05,5.112658254802227e-05,0.20215286314487457,0.0,0.0,0.004850276745855808,0.0034993134904652834,1.0,0.9999460577964783,0.0,0.004842464812099934,0.9999460577964783,1.0002143383026123,0.22691027487918014,2e-06,2e-06,128,50,1790342121.65136,1790342225.34081,8,4
51,107.24076223373413,918.2315909862518,107.23945999145508,0.0,0.0010523796081542969,6,1.578125,0.0,254,0,67,184,71,98,0.1923342434456572,2.7984493336698506,56.99208186753094,3.808131732046604,14.061260180547833,134.10967251771945,0.4920437923283316,2.20377969028125,57.45053397677839,139.97472167937667,76.72660338319838,1.912711582146585,0.4539735376893077,6.40625,0.0,9,3,1,3,0,389,678,334,172,1289.2890625,1273.0,2819,142,0.0,0.0,0.0,0.0,918.2315909862518,122.43464031865005,106.56580624729395,900.3517103120685,31.242717880755663,105.74637991094829,13.65124019152558,102.45950217172503,15.365811323865907,29.954135321995413,3.0700315995142096,93.02505768090487,3.41611449525073,-6.0016289353370667e-05,-6.0016289353370667e-05,0.27382904291152954,0.0,0.0,0.0061434125527739525,0.0033878444228321314,1.0,1.0000274181365967,0.0,0.006143292412161827,1.0000274181365967,1.0004632472991943,0.2946426256909638,2e-06,2e-06,128,51,1790342338.013994,1790342418.462202,11,4
52,79.5987856388092,835.80730676651,79.59572386741638,0.0,0.0019440650939941406,5,1.578125,0.0,256,0,72,197,73,109,0.1256971542024985,1.768412749748677,56.797012032940984,3.1719031520187855,16.27207550778985,157.28649749371107,0.2373094656795729,1.9598691120703124,79.3923774342984,161.15134825737914,99.9010512419045,1.4174801184854005,0.27702647479600273,8.734375,0.0,7,5,1,3,0,394,696,341,176,1627.8046875,1580.0,6130,35,0.0,0.0,0.0,0.0,835.80730676651,143.16699580612476,108.64848440885544,817.3505584187806,18.707516096532345,136.51232655695634,13.909904718322622,92.6425780840218,15.643907132959649,41.54845227944525,7.334226382532055,175.9853944592178,9.290385611117953,-0.00011869054287672043,-0.00011869054287672043,0.29524853825569153,0.0,0.0,0.006550190504640341,0.007588354405015707,1.0,1.0002187490463257,2.9216530492703896e-06,0.006564552430063486,1.0002163648605347,1.0009219646453857,0.6118859619156206,2e-06,2e-06,128,52,1790342509.2486,1790342595.06479,11,4
53,65.7863461971283,513.40629529953,65.7804057598114,0.0,0.0013461112976074219,4,1.59375,0.0,252,0,72,216,77,123,0.17639107018476352,2.26312959525967,50.014011573046446,2.545400433242321,14.597537755966187,145.48650977315265,0.1823440284933895,1.9583256902578126,76.91975043341517,149.9939117335889,95.12497530505061,1.557875849364791,0.29975247621769086,8.5546875,0.0,10,2,3,1,0,404,712,348,178,1494.2109375,1306.5,4044,229,0.0,0.0,0.0,0.0,513.40629529953,133.04714066098677,106.8351767398417,442.3558998629451,34.46078567951918,189.76556038622948,21.522914894437047,149.2329808920622,30.342695532150735,62.08825308891607,7.876802518832888,149.2329808920622,11.10460278117806,-8.868426084518433e-05,-8.868426084518433e-05,0.28072118759155273,0.0,0.0,0.006440094206482172,0.003664283314719796,1.0,0.9999837279319763,0.0,0.006435498595237732,0.9999837279319763,1.0003947019577026,0.28922956381540654,2e-06,2e-06,128,53,1790342667.453737,1790342753.495984,11,5
54,0.0006437301635742188,490.59805846214294,0.0,0.0,0.00060272216796875,4,1.828125,0.0,254,0,71,224,78,128,0.15384192977217026,2.5545324636041187,41.23898842930794,5.937104858458042,21.879732059314847,139.9790852034639,0.2746475519379601,1.7245962065703127,69.24585654400289,144.62799826756236,98.29702930897474,1.1951146848441567,0.4330665897578001,8.4296875,0.0,7,4,2,3,0,408,721,354,182,1826.734375,1477.5,7177,207,0.0,0.0,0.0,0.0,490.59805846214294,117.49274391119252,93.73884717561305,435.5505062267184,21.812672927975655,233.74531966038936,25.069402105978888,204.13225100934505,42.9335707090507,79.43434072179575,14.62908357708842,223.74922470375896,26.895377052681273,6.607268005609512e-06,6.607268005609512e-06,0.32570913434028625,0.0,0.0,0.007149243727326393,0.004205735865980387,1.0,1.0000827312469482,2.530774281694903e-06,0.007149816025048494,1.0000821352005005,1.0006444454193115,0.3511387708631369,2e-06,2e-06,128,54,1790342761.91981,1790342858.988279,13,5
55,58.000272035598755,908.4534995555878,57.99932384490967,0.0,0.0008134841918945312,6,2.125,0.0,249,0,74,238,80,138,0.16819660342298448,2.657905030733673,46.46574573032558,7.225824067369103,20.603423077613115,137.8228450715833,0.3265779897046741,1.8160168221953126,61.335153909400105,142.62788581004133,90.78670754283667,1.2195097725780215,0.3970247507386375,8.1328125,0.0,7,5,1,3,0,415,741,356,186,1542.203125,1310.5,4814,141,0.0,0.0,0.0,0.0078125,908.4534995555878,114.77819007317885,82.40177204273641,785.7888026535511,14.841927323490381,106.65781651352182,11.429313668866184,68.51319720968604,12.3615928072518,36.21575936404897,5.299115477407475,384.839006960392,9.19378678030916,-8.401996456086636e-05,-8.401996456086636e-05,0.3093136250972748,0.0,0.0,0.006823218893259764,0.004710839129984379,0.9999999403953552,1.0000680685043335,0.0,0.006821540184319019,1.0000680685043335,1.000596046447754,0.34576456418396795,2e-06,2e-06,128,55,1790342920.303576,1790343011.879359,14,6
56,12.823365926742554,357.76383900642395,12.819527626037598,0.0,0.0012423992156982422,3,1.9375,0.0,254,0,69,249,85,143,0.34753620554693043,2.8482322737690993,46.86081329546869,5.954909544438124,19.55898069217801,125.87269863850088,0.21075406929594465,2.3430557202890623,51.174180179834366,131.83406694754376,78.50247985869646,2.0525163740385324,0.3819600715651177,6.9296875,0.0,11,1,2,2,0,416,756,360,188,1361.8203125,1364.0,4070,70,0.0,0.0,0.0,0.0,357.76383900642395,106.16869885486085,94.58060158975422,312.050289388746,28.506617672741413,290.4965659897241,34.59824233319942,96.15477818995714,47.314874956429165,81.20487175939827,11.376219607054585,254.5965394899249,39.45048497997279,3.0218157917261124e-05,3.0218157917261124e-05,0.27400362491607666,0.0,0.0,0.006485207471996546,0.004084585700184107,0.9999999403953552,0.9999151229858398,0.0,0.006478101015090942,0.9999151229858398,1.000266194343567,0.29561437688535985,2e-06,2e-06,128,56,1790343037.842718,1790343128.57585,15,6
57,80.60790514945984,886.2568438053131,80.60332465171814,0.0,0.0008218288421630859,6,1.96875,0.0,252,0,76,269,94,150,0.20160433527780697,2.4516136709426064,51.204527124762535,5.148698998615146,17.11159224435687,144.95240202042623,0.24327824980719015,1.8602169573984375,69.90604331344366,149.61590420888388,93.3192641120404,1.4599748867040034,0.29150554951047525,8.5546875,0.0,9,2,2,3,0,422,772,374,195,1474.5390625,1452.0,3578,362,0.0,0.0,0.0,0.0,886.2568438053131,127.91536477635964,98.67581721581519,825.6625360101461,11.336745455861092,113.10509743007044,14.318648243677375,56.76056808233261,15.298441200280887,35.49403714420688,4.037204366893431,355.39419209584594,6.739973114473654,-5.450565367937088e-06,-5.450565367937088e-06,0.27463406324386597,0.0,0.0,0.006418842822313309,0.0043381513096392155,1.0,1.0000618696212769,0.0,0.006415254902094603,1.0000618696212769,1.0005621910095215,0.2736947620523401,2e-06,2e-06,128,57,1790343218.069598,1790343302.116865,19,6
58,60.029775857925415,992.847785949707,60.02847647666931,0.0,0.0011303424835205078,7,1.828125,0.0,256,0,71,287,98,162,0.2024785466492176,2.927660329383798,41.121074544265866,4.845761455595493,18.299877425655723,132.61962342867628,0.21642046316992491,1.9837762728750001,66.06202543713152,137.83096549252514,90.86705408804119,1.4730762827093713,0.3241190130356699,7.6796875,0.0,7,4,2,3,0,431,787,377,197,1475.890625,1269.5,5145,42,0.0,0.0,0.0,0.0,992.847785949707,115.43696979669039,85.95346022956073,884.241943821311,7.839902713894844,100.96445271059015,11.516367525625114,69.92640404775739,12.388920902923385,31.71248111970064,5.182063225410286,884.241943821311,47.373142173304785,0.00010541267693042755,0.00010541267693042755,0.30259227752685547,0.0,0.0,0.0069088805466890335,0.0056235454976558685,1.0,0.9998636841773987,0.0,0.006894008722156286,0.9998636841773987,1.0001908540725708,0.4265296203740898,2e-06,2e-06,128,58,1790343369.017191,1790343454.128994,20,7
59,39.83590912818909,776.1687591075897,39.83502268791199,0.0,0.0007419586181640625,6,1.9765625,0.0,251,0,72,297,101,168,0.2979346413630992,3.34524617929128,41.810187328606844,4.934224147349596,19.932420508936048,140.5135921977344,0.35010000661714,2.82656911640625,71.83553238399327,147.24457987200003,98.00170810520649,2.2740159587701783,0.27891483437269926,8.1015625,0.0,11,3,1,1,0,436,802,382,199,1631.2109375,1529.5,5358,446,0.0,0.0,0.0,0.0,776.1687591075897,123.94605572524597,100.647131530568,761.9502224698663,30.060178235173225,146.60815103857217,14.735197553106675,314.0643788315356,24.749819495689934,44.83453663695183,6.9031379286128844,495.1104181781411,19.063657681466808,3.776303492486477e-05,3.776303492486477e-05,0.278517484664917,0.0,0.0,0.006397165823727846,0.003707713447511196,1.0,1.0001074075698853,3.4401145967422053e-06,0.006400814279913902,1.0001064538955688,1.0006517171859741,0.2414800555787916,2e-06,2e-06,128,59,1790343497.684936,1790343593.979629,21,7
60,42.337350368499756,654.9813759326935,42.33593797683716,0.0,0.0012316703796386719,4,1.5625,0.0,250,0,73,315,105,180,0.1316159391135443,2.3577153343649115,52.11705900169909,1.8571684397757053,17.171541584655643,133.54153179351124,0.22522747109178454,1.827870275546875,60.97595562040806,138.07936155679636,80.96610127016902,1.390585391811328,0.4268795981479343,6.953125,0.0,10,4,1,1,0,447,813,388,206,1645.671875,1591.5,5250,310,0.0,0.0,0.0,0.0,654.9813759326935,119.03476592246443,100.49758940935135,628.8733726218343,6.546220399439335,150.86154145878183,16.614212861402404,136.57178106158972,20.991123828843634,53.60101516882575,8.015495085679344,84.4767790697515,9.202379838599724,5.3575728088617325e-05,5.3575728088617325e-05,0.2334645539522171,0.0,0.0,0.0055503761395812035,0.00391830038279295,1.0,0.9999831914901733,0.0,0.005544113926589489,0.9999831914901733,1.000340461730957,0.23765252761885122,2e-06,2e-06,128,60,1790343669.659296,1790343749.095897,22,8
61,96.6570086479187,943.6698045730591,96.6558723449707,0.0,0.0009095668792724609,6,1.875,0.0,252,0,77,334,115,186,0.19512057775864378,1.933098195499042,55.32970093563199,2.061760703101754,13.697400629520416,140.10622647643322,0.2640206635114737,1.8230909993593751,67.64572988823056,144.74054755986435,84.40141751989722,2.0084237884439062,0.21529052653932013,8.03125,0.0,9,1,2,4,0,458,831,395,209,1409.1953125,1332.0,4391,50,0.0,0.0,0.0,0.0,943.6698045730591,128.83527684339788,98.60528654046357,896.6666393131018,5.136079389601946,110.93198718383076,12.032810570999779,60.074565682560205,12.850906727675554,31.857364925366607,4.653110631198593,265.6804824732244,6.476503179136235,-9.736046195030212e-05,-9.736046195030212e-05,0.33965936303138733,0.0,0.0,0.007181174121797085,0.006481606513261795,0.9999999403953552,0.9999182224273682,0.0,0.00716958474367857,0.9999182224273682,1.00030517578125,0.3508535229966369,2e-06,2e-06,128,61,1790343851.905594,1790343941.775604,23,10
62,44.58829712867737,316.7024667263031,44.58731007575989,0.0,0.0009021759033203125,3,1.5625,0.0,253,0,78,347,119,194,0.19369191472651437,2.5653413850523066,54.11232495494187,2.3747603986412287,13.322591276839375,121.9550159041828,0.2315443527768366,1.56095060475,50.59467590600252,126.38741490573739,67.40410915203393,1.1454903078847565,0.2796114170632791,6.015625,0.0,4,8,1,3,0,464,844,404,211,1331.2109375,1257.5,2702,178,0.0,0.0,0.0,0.0,316.7024667263031,110.55010094412137,93.56648613512516,298.16115175932646,18.950346805155277,303.31781432892075,29.106183148128974,137.91383159905672,51.558086974820405,89.67144133806026,8.531667049928888,143.19362042099237,15.572693021343072,4.800036549568176e-05,4.800036549568176e-05,0.25660592317581177,0.0,0.0,0.005171783734112978,0.004143926315009594,1.0,0.9999996423721313,0.0,0.005167761817574501,0.9999996423721313,1.000350832939148,0.2758093552141082,2e-06,2e-06,128,62,1790343990.609261,1790344070.071577,24,10
63,0.0007174015045166016,509.95132660865784,0.0,0.0,0.0006787776947021484,4,1.921875,0.0,254,0,73,362,121,206,0.17224630605778657,3.36963828196167,46.46537721529603,3.8856515884399414,17.000513471662998,127.43397991376696,0.2689984475146048,2.3309672303515625,58.489876793697476,133.41066043594037,80.41380045190454,1.678450433188118,0.4758927616348956,6.9453125,0.0,9,2,2,3,0,468,855,410,216,1223.09375,1205.5,3367,171,0.0,0.0,0.0,0.0,509.95132660865784,112.6174833815312,90.31199517473578,480.0772156827152,18.734947316348553,190.93783057205778,25.014152007077907,36.40014246478677,26.93689811601138,51.16697477814478,6.602590922533029,82.07074346765876,7.869017975257073,6.537977606058121e-05,6.537977606058121e-05,0.29915353655815125,0.0,0.0,0.006700059399008751,0.005332146305590868,1.0,0.9999282360076904,6.051510354154743e-06,0.006690114736557007,0.9999281167984009,1.0002965927124023,0.3623393985541289,2e-06,2e-06,128,63,1790344075.4965,1790344155.399333,25,10
64,97.87129259109497,509.4109694957733,97.87019395828247,0.0,0.0008933544158935547,3,1.7734375,0.0,251,0,76,385,126,223,0.28582560986978933,2.733820416702656,41.67743813432753,3.1252162624150515,17.065955316647887,109.40683201453066,0.3395462886837777,1.688285558125,46.164049323648214,115.0972988717549,67.39317661337554,1.9717532274662517,0.33336158681777306,5.8359375,0.0,10,2,0,4,0,478,869,423,221,1390.59375,1207.5,5967,42,0.0,0.0,0.0,0.0,509.4109694957733,95.5540335275291,80.12663765996695,494.47277250140905,12.133778668940067,189.73416839126116,21.418855606505605,245.30276680365205,41.31261312137009,58.235887675061434,11.71352867784978,245.30276680365205,22.59301278482406,-6.435555405914783e-05,-6.435555405914783e-05,0.252204954624176,0.0,0.0,0.006161764729768038,0.0056098029017448425,1.0,0.9998475909233093,6.023515652486822e-06,0.0061402940191328526,0.9998470544815063,1.0001360177993774,0.4267817475265102,2e-06,2e-06,128,64,1790344256.20191,1790344333.847738,26,10
65,1.323383092880249,790.1115262508392,1.3223857879638672,0.0,0.000942230224609375,6,1.921875,0.0,252,0,68,396,129,230,0.10489751704153605,1.5548195635783486,39.750264493748546,1.828866433352232,13.428043147549033,121.96782708354294,0.14955255560926162,1.500442208671875,65.53824706375599,125.75066816684557,81.80698231421411,1.6912845966289751,0.2073559774144087,7.640625,0.0,8,2,2,4,0,483,878,427,222,1292.4296875,1104.0,4268,69,0.0,0.0,0.0,0.0,790.1115262508392,111.95890904564294,91.49608899466693,786.6579996347427,21.955159176141024,120.32204337587633,14.296715874530634,151.55429668352008,17.689878803273547,34.89612847969011,5.401769064491567,91.46147775277495,6.108923930049402,-7.377704605460167e-06,-7.377704605460167e-06,0.33444684743881226,0.0,0.0,0.007411689963191748,0.005692305043339729,0.9999999403953552,1.0001306533813477,0.0,0.007415830157697201,1.0001306533813477,1.0007578134536743,0.35840292779671773,2e-06,2e-06,128,65,1790344340.349964,1790344424.884682,26,11
66,84.96988368034363,365.69529938697815,84.96435213088989,0.0,0.000797271728515625,4,1.75,0.0,256,0,71,417,139,239,0.12733825627947226,1.5748335094831418,42.98829530738294,1.5473108272999525,12.434148840606213,120.6611079191789,0.2518550977110863,1.559807732484375,62.38969436660409,124.18021193728782,77.31681695953012,1.2672289264737628,0.2792410969850607,7.1796875,0.0,9,3,2,2,0,492,897,436,225,1515.4296875,1343.0,6455,168,0.0,0.0,0.0,0.0,365.69529938697815,110.03019411856076,94.74506079219282,347.2627050690353,17.978413984179497,272.2685621068685,34.12950623352866,83.80752113088965,44.2764850509457,88.40465469712258,17.651307005642778,113.85471642017365,25.631293908062638,6.64351973682642e-05,6.64351973682642e-05,0.25638318061828613,0.0,0.0,0.006048617418855429,0.004180258605629206,1.0,1.0000759363174438,0.0,0.006045464426279068,1.0000759363174438,1.0005567073822021,0.2899984466165835,2e-06,2e-06,128,66,1790344518.83404,1790344602.422932,27,12
67,128.40606021881104,362.80192947387695,128.4046745300293,0.0,0.0011479854583740234,3,1.453125,0.0,250,0,75,439,140,259,0.06971035347669385,1.7263308741676155,51.95146855711937,1.232830436900258,13.031816441565752,133.08569013801753,0.252466939331498,1.7148913900546876,65.73692428693175,136.66771216035704,80.86548712663352,1.3870681284752209,0.14575752563541755,6.9765625,0.0,7,8,0,1,0,500,916,448,228,1538.140625,1372.5,4297,294,0.0,0.0,0.0,0.0,362.80192947387695,122.25652036568499,109.45667966268957,335.2937505617738,25.196425650268793,259.4721591930734,29.680106761326734,204.4601833410561,68.00480772119025,90.44512721928446,11.843928190325128,154.60861275345087,20.639471370592833,-4.122895188629627e-05,-4.122895188629627e-05,0.24170824885368347,0.0,0.0,0.005766298621892929,0.004230193328112364,1.0,0.9999585151672363,8.05668969405815e-06,0.005772411357611418,0.999943733215332,1.000276803970337,0.30196040491406195,2e-06,2e-06,128,67,1790344732.300784,1790344809.309203,27,13
68,62.028839111328125,656.4906923770905,62.027727127075195,0.0,0.0009808540344238281,5,1.4609375,0.0,251,0,76,453,144,267,0.16878488037036732,2.596861501428066,47.67962549813092,1.6506594996899366,12.665655449032784,125.02092129114317,0.24461901059839875,1.7044948671562499,61.95066127553582,130.16031526197912,77.10218169540167,1.8399001692887396,0.2747955512313638,6.7421875,0.0,6,4,1,5,0,509,925,458,231,1352.7890625,1111.0,6371,66,0.0,0.0,0.0,0.0,656.4906923770905,116.07521970540984,95.08805566653609,643.9684854224324,23.852616280317307,138.7036674304635,18.339940138990094,46.818554159253836,19.748319211690944,43.96025767783925,9.704631115075241,292.7865181416273,17.516983447859456,5.0123780965805054e-05,5.0123780965805054e-05,0.3068958818912506,0.0,0.0,0.006051138509064913,0.004009569529443979,1.0,1.000077247619629,0.0,0.006050604395568371,1.000077247619629,1.000537395477295,0.3370631233745733,2e-06,2e-06,128,68,1790344880.945717,1790344959.728957,28,14
69,38.41810870170593,505.2627227306366,38.41298770904541,0.0,0.0009348392486572266,3,1.7421875,0.0,250,0,71,471,149,280,0.19356613839045167,2.0476292813254986,45.860584795475006,3.9720782581716776,16.560386212542653,125.46576856967295,0.15920026486855932,1.5615800127187502,57.58420270495117,129.7461546798295,79.11603964865208,1.524497159785824,0.2851311265840195,6.5625,0.0,7,5,0,4,0,514,938,465,235,1598.984375,1250.5,8325,228,0.0,0.0,0.0,0.0,505.2627227306366,110.43789920533891,89.13751303218305,440.4455128759146,15.883912712335587,233.35120792103825,24.97908401354289,151.18035934865475,35.644249206460884,67.51273175728052,16.476576690654035,275.94486179947853,36.30332136448452,-8.528726175427437e-05,-8.528726175427437e-05,0.3006034791469574,0.0,0.0,0.0065347617492079735,0.005730280186980963,1.0,0.999976396560669,0.0,0.006531612481921911,0.999976396560669,1.0003799200057983,0.3094999311567239,2e-06,2e-06,128,69,1790345010.599766,1790345096.380909,28,14
70,77.61723518371582,689.933121919632,77.61572670936584,0.0,0.0013539791107177734,5,1.6171875,0.0,256,0,76,492,159,288,0.11044638292514719,2.8211674509511795,50.03531160578132,3.8635491859167814,17.098768265917897,138.46639376715757,0.23502111592097208,2.126925828953125,66.06160679087043,143.70805577078136,88.02378000505269,1.709078932122793,0.3549031324801035,6.8671875,0.0,12,3,0,1,0,519,953,479,243,1702.7421875,1520.0,5406,52,0.0,0.0,0.0,0.0,689.933121919632,122.92095103327301,101.92225646041334,652.2018549069762,19.505816340446472,154.80727518849025,16.1348972042782,102.6431757286191,18.9548621974526,52.65027219681456,7.835542066684149,132.82854451611638,9.703743640369316,-4.085619002580643e-05,-4.085619002580643e-05,0.21365126967430115,0.0,0.0,0.004953884519636631,0.0036842292174696922,1.0,0.9999918937683105,0.0,0.004949221853166819,0.9999918937683105,1.000319480895996,0.2838363146053221,2e-06,2e-06,128,70,1790345204.921074,1790345289.901691,31,14
71,50.41614603996277,1265.3555965423584,50.41524267196655,0.0,0.000812530517578125,8,1.609375,0.0,252,0,72,506,163,295,0.21613635515677743,2.2855225911189336,40.69370059110224,2.604164956137538,16.720487779006362,135.3482876275084,0.24330190883483738,2.004986395578125,73.67973764240742,140.08261131946347,94.08507135696709,1.7543096786248498,0.19586884859018028,8.296875,0.0,8,3,1,4,0,525,965,484,246,1527.40625,1207.5,6763,107,0.0,0.0,0.0,0.0,1265.3555965423584,122.56705341752968,77.96268461085856,1193.7919920943677,21.281851582229137,86.0281228171125,9.485080741568623,155.87732807919383,10.817697237662005,25.751390957376525,5.344742630830578,146.71126307547092,6.045710685397387,3.634486347436905e-05,3.634486347436905e-05,0.28517499566078186,0.0,0.0,0.006475458852946758,0.006224689539521933,1.0,0.9999693036079407,0.0,0.0064711966551840305,0.9999693036079407,1.0003682374954224,0.4650176548426287,2e-06,2e-06,128,71,1790345343.739419,1790345430.944571,34,14
72,111.36355996131897,356.9217185974121,111.36094641685486,0.0,0.0009503364562988281,3,1.5703125,0.0,255,0,76,525,168,308,0.0895855123817455,1.8880252924282104,52.528850795701146,1.2646551467478275,15.000766331329942,150.4813821782882,0.208515917067416,1.8555164990546873,80.25564447417855,154.31155681607197,97.59233079478145,1.4383782604709268,0.20276170037686825,8.546875,0.0,8,6,1,1,0,536,982,490,251,1812.7109375,1537.5,6384,483,0.0,0.0,0.0,0.0,356.9217185974121,137.84250057450845,120.5567983482033,349.9363526664674,39.297388177365065,303.8878303424517,30.54451279356539,275.8523156866431,134.47736887860827,108.34635342066588,17.886274965522055,152.30992909520864,31.200548196814683,-1.622922718524933e-05,-1.622922718524933e-05,0.23619766533374786,0.0,0.0,0.005640095099806786,0.005010845605283976,1.0,1.0000824928283691,0.0,0.0056395032443106174,1.0000824928283691,1.0005592107772827,0.23199797690368576,2e-06,2e-06,128,72,1790345551.546747,1790345640.766006,35,14
73,60.06760215759277,407.05306220054626,60.06643486022949,0.0,0.0009543895721435547,3,1.3515625,0.0,254,0,74,543,176,316,0.30832848290447146,2.6797465302515775,59.49545910395682,3.09090125374496,15.79674724303186,148.54038842758746,0.23298012634040788,2.1852266720859372,68.68492125160992,153.89379800390452,88.55286454409361,1.7713056311768014,0.3521101988735609,7.6328125,0.0,7,5,2,2,0,540,1000,497,254,1674.09375,1511.5,6199,77,0.0,0.0,0.0,0.0,407.05306220054626,134.67011800294858,111.3287176694721,381.40538316220045,25.453610505908728,263.32602950388224,30.79205431410013,44.9137854911387,34.610993079487734,87.73794700604532,15.228972769515455,133.73364159837365,22.680422731551495,3.372272476553917e-05,3.372272476553917e-05,0.2598002851009369,0.0,0.0,0.0060476576909422874,0.004129261244088411,0.9999999403953552,1.0000693798065186,0.0,0.006047300528734922,1.0000693798065186,1.000545620918274,0.46103340702900725,2e-06,2e-06,128,73,1790345710.53647,1790345799.425281,35,16
74,49.836405754089355,1531.4228777885437,49.83028745651245,0.0,0.0015544891357421875,10,2.2890625,0.0,251,0,75,556,179,326,0.18582106742542237,2.8767241688619833,53.24648202210665,5.2108093947172165,24.570605209097266,174.65570978904725,0.34953725183731876,2.5816543070234377,89.55596175789833,180.48901772149839,120.85908773168921,1.944974067620933,0.44636118854396045,9.796875,0.0,13,2,1,0,0,546,1016,501,258,2225.609375,1794.5,6603,838,0.0,0.0,0.0,0.0078125,1531.4228777885437,152.63163851349964,121.31171265617013,1498.1431128792465,37.31413319334388,81.3866209921823,7.384635664011236,690.5876607298851,13.449722098415696,31.00362894880468,4.311676477979148,119.88068025931716,4.677862278264112,-2.7583446353673935e-05,-2.7583446353673935e-05,0.26160019636154175,0.0,0.0,0.006268232129514217,0.004996930714696646,1.0,0.9999987483024597,0.0,0.006268650759011507,0.9999987483024597,1.0004281997680664,0.2106570215815182,2e-06,2e-06,128,74,1790345860.024893,1790345967.195026,35,16
75,50.15705943107605,465.71809244155884,50.135085582733154,0.0,0.0009045600891113281,3,1.875,0.0,255,0,79,570,186,333,0.15357983100693673,2.742878780438332,41.13507182337344,4.115804322063923,15.163847936317325,139.32292510892148,0.23222971882205456,2.2048609521328126,77.45452566444874,144.55251126020448,97.83722875453532,1.6751563595898915,0.41190261524752714,8.03125,0.0,11,3,2,0,0,551,1031,513,260,1649.8515625,1566.0,5412,62,0.0,0.0,0.0,0.0,465.71809244155884,125.67725004389649,95.54061781987548,425.0833825804293,42.50538743659854,198.46483992516391,19.617017565505986,87.36283917352557,24.146618610652414,75.57540474498539,11.620763908112783,267.8055762164295,27.345415556455986,1.2265518307685852e-06,1.2265518307685852e-06,0.273959219455719,0.0,0.0,0.006467931903898716,0.004830019548535347,0.9999998807907104,1.0000027418136597,0.0,0.006467545870691538,1.0000027418136597,1.0004525184631348,0.25391163453481524,2e-06,2e-06,128,75,1790346022.541312,1790346108.152663,35,16
76,0.0008034706115722656,1550.335021495819,0.0,0.0,0.0007686614990234375,10,2.265625,0.0,252,0,73,582,188,343,0.19767668904387392,1.7216184900898952,53.226344456896186,2.402461288496852,12.561922926455736,139.7133869350364,0.21237342682434246,1.5410257562421876,70.29794129915535,143.29031799698714,86.18042797408998,1.0429416107654106,0.3785264454490971,7.0546875,0.0,7,5,1,3,0,554,1042,519,262,1348.8046875,1212.5,6023,116,0.0,0.0,0.0,0.0,1550.335021495819,128.94620268212748,87.82551074773073,1494.6413439251482,17.780202500522137,64.1103365542904,8.169847048787808,198.1952793635428,9.36737498745963,18.56018189683758,3.8849667436324777,443.03458392620087,5.439354845031678,-5.272869020700455e-05,-5.272869020700455e-05,0.34909602999687195,0.0,0.0,0.00783551950007677,0.007645505480468273,1.0,1.0000154972076416,0.0,0.007840948179364204,1.0000154972076416,1.0005457401275635,0.38542987397049155,2e-06,2e-06,128,76,1790346117.218829,1790346200.431142,35,16
77,113.41031646728516,778.2732157707214,113.40750336647034,0.0,0.0009868144989013672,5,1.765625,0.0,254,0,71,602,191,358,0.10464054514886811,1.8318434802931733,46.276221776381135,3.7474220898002386,12.093868235126138,124.19551718691946,0.11224654837860726,1.5953913773515627,60.63165154494345,127.37877025193302,77.58224709331989,0.9601071802608203,0.16106582005158998,6.3984375,0.0,6,5,1,4,0,560,1060,524,267,1221.7890625,1169.0,4084,193,0.0,0.0,0.0,0.0,778.2732157707214,112.80247369743302,86.99486922100186,750.3575834184885,25.20527272298932,125.14221401912636,15.873602932314553,133.3443467244506,19.155600862261377,33.49059533999434,5.247514519635149,409.2186602540314,11.066114586452533,-2.0606443285942078e-05,-2.0606443285942078e-05,0.3474119305610657,0.0,0.0,0.0075586405582726,0.007000071462243795,1.0,1.0000275373458862,0.0,0.007558404467999935,1.0000275373458862,1.0005557537078857,0.33252544649887306,2e-06,2e-06,128,77,1790346324.416275,1790346410.07691,36,17
78,115.66822266578674,1318.024985074997,115.66608810424805,0.0,0.0017704963684082031,8,2.1328125,0.0,249,0,78,619,196,368,0.14229511533631012,1.8303422814933583,59.74293006584048,2.850002698600292,17.75773880071938,194.82638348499313,0.24777690490009263,2.1399091225859377,113.0809474941343,198.83306776359677,134.7124955188483,1.4956950912601314,0.26262793209753,10.546875,0.0,9,4,2,1,0,571,1077,531,272,1857.171875,1494.0,5354,115,0.0,0.0,0.0,0.0,1318.024985074997,180.5973362683144,137.32635311037302,1259.0084176622331,21.881561044603586,81.3756703258275,9.217579437091407,184.74481873959303,10.720208789398685,30.05987527953597,4.062138472811539,500.17041631788015,6.546396149790305,5.540810525417328e-05,5.540810525417328e-05,0.32365694642066956,0.0,0.0,0.007536076474934816,0.005222470033913851,0.9999998807907104,0.9999765753746033,0.0,0.007533561438322067,0.9999765753746033,1.0004594326019287,0.2902801487844595,2e-06,2e-06,128,78,1790346531.67631,1790346627.404223,37,18
79,203.88922429084778,1069.2342176437378,203.88751935958862,0.0,0.001253366470336914,6,1.0859375,0.0,252,0,77,670,212,399,0.24806207936489955,1.810391032951884,50.617246102541685,1.0324927978217602,13.5652479454875,134.0957196422096,0.17895094081177376,1.9109994939765622,67.55597266182303,138.0758083857363,83.11421444639564,1.347792475222377,0.27476435829885304,7.1796875,0.0,8,4,1,3,0,586,1103,549,279,1391.1796875,1308.5,4811,60,0.0,0.0,0.0,0.0,1069.2342176437378,124.35965244699037,93.50355857610703,1035.96739006415,9.063183575868607,86.0220007449416,11.646653085460143,90.90169670432806,12.72880102977916,27.756780984247076,4.499481891443728,196.009316701442,5.509462676577885,-4.509207792580128e-05,-4.509207792580128e-05,0.2854540944099426,0.0,0.0,0.006273347418755293,0.005847196560353041,0.9999998211860657,1.000003695487976,0.0,0.0062728747725486755,1.000003695487976,1.0004221200942993,0.5060834940489177,2e-06,2e-06,128,79,1790346832.997857,1790346917.404839,40,19
80,38.47064447402954,1611.0828864574432,38.46364641189575,0.0,0.0011086463928222656,9,1.546875,0.0,255,0,72,694,221,413,0.20826460816897452,2.5566572357784025,48.80625507608056,1.3003910295665264,15.186870787292719,156.2409170307219,0.41345798259135336,2.2173983739843752,89.17385908775032,161.30787999063614,106.76720502227545,1.4618995748751331,0.40398810215992853,8.8125,0.0,9,4,1,2,0,594,1123,554,281,1675.6796875,1678.5,4320,62,0.0,0.0,0.0,0.0078125,1611.0828864574432,144.5498119224212,114.62953746505082,1609.9743012748659,21.394964411854744,70.20557474153749,7.448406348841805,114.42740444466472,8.017877289876886,22.188699063111557,2.6814262855830497,164.3432769961655,2.9860245560074477,2.8215814381837845e-05,2.8215814381837845e-05,0.2612278163433075,0.0,0.0,0.006258977577090263,0.0055154915899038315,1.0,1.0000113248825073,0.0,0.006257095839828253,1.0000113248825073,1.0004633665084839,0.33887316783717897,2e-06,2e-06,128,80,1790346986.672419,1790347079.93191,40,20
81,0.0010209083557128906,249.33201265335083,0.0,0.0,0.0009732246398925781,2,1.7265625,0.0,249,1,75,704,222,419,0.31235047499649227,2.869749985256931,37.87021974846721,3.275879940018058,16.008802441880107,103.5826526718738,0.2874809529748745,1.7104089273828125,44.81526386924088,108.83869513229001,65.3163926973939,1.4541209579911083,0.3256103649327997,5.4609375,0.0,12,2,0,2,0,600,1133,563,285,1280.171875,1272.0,3562,86,0.0,0.0,0.0,0.0,249.33201265335083,89.35270422362373,81.28027634695172,218.26745434105396,18.964674700051546,333.15684489402173,35.2301331326134,158.2878602705896,96.48066097722501,109.5340026445108,14.286171928320691,158.2878602705896,39.123874590263604,-2.7418602257966995e-05,-2.7418602257966995e-05,0.3243371844291687,0.0,0.0,0.007216986268758774,0.00683370279148221,1.0,1.0000033378601074,0.0,0.007209848612546921,1.0000033378601074,1.000471830368042,0.32307660336225363,2e-06,2e-06,128,81,1790347087.731249,1790347159.863516,41,22
82,0.0007765293121337891,486.3336284160614,0.0,0.0,0.0007259845733642578,3,2.1875,0.0,254,0,70,718,225,428,0.23565219403826632,2.4768544173857663,37.73266463726759,5.069430090487003,17.33404124714434,116.97525433072587,0.26313761266646907,1.7364061346875002,54.94116382300854,122.11867998488015,78.73419157788157,1.8496188505378086,0.2888549230119679,7.03125,0.0,8,4,1,3,0,601,1149,569,287,1361.2578125,1383.0,5238,254,0.0,0.0,0.0,0.0,486.3336284160614,99.67238799814368,76.44533848017454,438.87929218262434,12.27549609541893,204.86176740678025,24.372157933236082,174.67676886543632,38.03221279034488,59.71243806694491,10.770384143616857,200.63003434240818,18.333686060139883,-4.7459499910473824e-05,-4.7459499910473824e-05,0.31070607900619507,0.0,0.0,0.007147751748561859,0.00617271289229393,1.0,0.9999524354934692,0.0,0.00713738240301609,0.9999524354934692,1.0003747940063477,0.29320768150003074,2e-06,2e-06,128,82,1790347169.853358,1790347254.92371,43,22
83,27.99880337715149,550.044430732727,27.997765064239502,0.0,0.0009124279022216797,4,2.484375,0.0,250,0,69,732,229,438,0.2660943711816799,2.338620257389266,42.17709258571267,7.33206975646317,20.228691125288606,144.6042357273691,0.37611472318531014,2.0808607134296873,73.13729752227664,149.8202452067926,101.88667458854616,1.7025827536708675,0.35739000607281923,10.4609375,0.0,7,5,3,1,0,607,1162,577,289,1611.9921875,1454.0,6349,237,0.0,0.0,0.0,0.0,550.044430732727,122.89353582652984,81.57594110257924,515.2328357510269,18.14000440016389,189.5334767674259,22.434551302631313,177.70589436590672,33.14188243959493,62.52070695608362,11.542703907650422,108.48817970976233,14.378688978564131,-7.925275713205338e-05,-7.925275713205338e-05,0.27016681432724,0.0,0.0,0.006415991578251123,0.0050165122374892235,1.0,1.000058650970459,0.0,0.006414128001779318,1.000058650970459,1.0005531311035156,0.2926270845038318,2e-06,2e-06,128,83,1790347288.805346,1790347376.960957,43,22
84,114.61513710021973,930.9891991615295,114.61024403572083,0.0,0.0011706352233886719,7,2.1328125,0.0,254,0,73,766,237,463,0.2704707106749993,2.9543889335764106,35.93528212979436,12.139202723279595,23.849266029894352,143.2123331123439,0.4053890971990768,2.3882203631875,68.78471004962921,149.3205421094317,106.44031098112464,1.9469545228639618,0.507451499113813,8.265625,0.0,11,2,2,1,0,618,1190,589,292,1817.703125,1571.5,6615,72,0.0,0.0,0.0,0.0,930.9891991615295,113.4472021329857,83.57205509580672,891.0183276943862,20.647853396832943,111.59527961610011,11.698309722399236,32.50880520045757,12.12157780314555,41.65211229259236,7.105345589355518,148.96961031109095,8.458867391958798,8.6640240624547e-05,8.6640240624547e-05,0.2550477683544159,0.0,0.0,0.005888854153454304,0.006721420679241419,1.0,0.9999681115150452,0.0,0.0058836438693106174,0.9999681115150452,1.0003330707550049,0.31762950992947914,2e-06,2e-06,128,84,1790347501.223018,1790347592.775712,44,22
85,37.74589681625366,289.1021456718445,37.744478940963745,0.0,0.001039743423461914,3,1.2421875,0.0,254,0,73,782,241,474,0.2778617278090678,3.0733442044002004,33.85489619895816,7.747917799279094,18.655548041686416,104.22582304099342,0.37386732574668713,1.8935884566249999,41.46621146053076,110.12949396125623,69.76998199336231,1.6630943759228103,0.42927578891976736,6.109375,0.0,9,2,0,5,0,628,1205,595,293,1396.09375,991.5,6763,111,0.0,0.0,0.0,0.0,289.1021456718445,83.69960758753587,72.65875655040145,215.8413126692176,18.551160030066967,379.90436359934307,42.23074848381877,207.80499640479684,150.17746759969972,103.02010475958194,23.393115897785762,153.30587864667177,49.802547213954966,4.445668309926987e-06,4.445668309926987e-06,0.33946916460990906,0.0,0.0,0.006958537735044956,0.007239343598484993,1.0,0.9999825954437256,0.0,0.006953544449061155,0.9999825954437256,1.0004061460494995,0.37073606017176647,2e-06,2e-06,128,85,1790347638.371472,1790347721.032615,45,22
86,29.10966444015503,496.60716462135315,29.108612775802612,0.0,0.000989675521850586,3,1.8125,0.0,252,0,71,796,245,482,0.3030525524809491,3.378956501779612,42.56742738932371,13.93022639863193,24.199924141168594,129.898071769363,0.32212724501732737,2.2909138692421873,46.60548382624984,136.58692375427927,86.62193603813648,2.0980778446537443,0.5495126697351225,6.703125,0.0,9,4,0,3,0,636,1217,601,295,1674.171875,1394.5,5367,220,0.0,0.0,0.0,0.0,496.60716462135315,99.95164521900006,89.44233501702547,416.4521498605609,13.310154408216476,236.01753730107237,22.64767969784623,36.29282235354185,24.43330343475695,71.91935439332356,10.807335017190425,116.34738250821829,14.114035331780658,4.890770651400089e-05,4.890770651400089e-05,0.2696180045604706,0.0,0.0,0.006025996990501881,0.005748828873038292,1.0,1.0000474452972412,0.0,0.006022162269800901,1.0000474452972412,1.000490427017212,0.3153104763514265,2e-06,2e-06,128,86,1790347759.461702,1790347848.36984,46,23
87,77.02305030822754,574.1455581188202,77.02202796936035,0.0,0.0008330345153808594,4,1.8125,0.0,251,0,72,820,252,499,0.27306307075195946,3.2522445632203016,48.7199030444026,12.01453947275877,22.642491102218628,125.05542967413203,0.35882870003115386,1.9228142152421874,39.6307887006551,131.30783138249535,75.75504231825471,1.8223785246664193,0.4435119625995867,6.3515625,0.0,9,6,0,1,0,643,1236,608,303,1502.78125,1372.0,6037,166,0.0,0.0,0.0,0.0,574.1455581188202,98.04608794793603,85.84969137981534,533.6822499521077,9.585571959614754,159.88831641830572,20.54705437180896,209.1000751554966,32.31652095578801,55.838337299647996,10.514755212563422,100.14566034451127,12.736289666616061,-3.7496909499168396e-05,-3.7496909499168396e-05,0.2404278665781021,0.0,0.0,0.005719921085983515,0.0071988338604569435,1.0,0.9999288320541382,5.278716344037093e-06,0.005714881233870983,0.9999273419380188,1.0002480745315552,0.2586753307400878,2e-06,2e-06,128,87,1790347930.501717,1790348008.815077,46,23
88,122.3326108455658,317.69265127182007,122.3315634727478,0.0,0.0008461475372314453,3,1.2578125,0.0,253,0,76,839,254,513,0.19996767165139318,2.842643273237627,43.18037210032344,5.5617617927491665,15.0721704531461,106.14444115944207,0.2930716142291203,2.04272181534375,40.83987778425217,112.09134480616194,62.69161011278629,2.112761384487385,0.44543739268556237,5.5,0.0,11,2,0,3,0,655,1253,616,305,1254.375,1190.5,3578,194,0.0,0.0,0.0,0.0,317.69265127182007,92.05442079337081,77.09929635562003,298.9366344027221,19.896029356867075,314.53460737383097,35.093666647205,183.73967511206865,83.23070020261272,84.23235442454083,11.2624575534756,183.73967511206865,26.71086602609636,3.885803744196892e-05,3.885803744196892e-05,0.27533718943595886,0.0,0.0,0.006385293323546648,0.007868350483477116,1.0,0.9999054074287415,0.0,0.006374175660312176,0.9999054074287415,1.000229001045227,0.3316188495078576,2e-06,2e-06,128,88,1790348135.859302,1790348214.909729,47,25
89,43.04220461845398,855.171472787857,43.04088306427002,0.0,0.001161336898803711,5,1.5234375,0.0,251,0,74,865,262,529,0.19922471203608438,2.6171814625849947,47.573787773028016,6.866303285583854,21.18366565927863,146.33975299692247,0.2535252933157608,1.9078655194140626,68.51849668845534,150.96517905802466,98.14415355958045,1.2086068306234665,0.2983978978882078,8.6171875,0.0,5,6,2,3,0,662,1272,628,307,1469.515625,1252.5,6226,226,0.0,0.0,0.0,0.0,855.171472787857,127.50557195351576,92.92362846434116,814.7441588453948,16.803726762533188,123.92173582200684,13.677958599189244,386.15401270613074,24.939370056632427,36.65892474694791,7.280411236945562,659.847344931215,31.87522232056025,9.431876242160797e-05,9.431876242160797e-05,0.3044033944606781,0.0,0.0,0.006746314000338316,0.0072349016554653645,1.0,0.9999749660491943,0.0,0.006744541227817535,0.9999749660491943,1.000397801399231,0.3465660016267369,2e-06,2e-06,128,89,1790348265.521802,1790348354.825847,48,26
90,46.403043270111084,520.730703830719,46.40210175514221,0.0,0.000820159912109375,4,1.828125,0.0,250,0,70,893,268,549,0.16623006603913382,2.6258960533014033,40.1597613170743,9.054173590615392,18.920644568279386,124.75265279403538,0.3588531390123535,1.9382635655078124,55.12004820816219,129.52202791854506,84.2609047293663,1.2716258704313077,0.32031250177533366,7.515625,0.0,10,3,1,2,0,671,1294,634,310,1508.53125,1348.0,3912,174,0.0,0.0,0.0,0.0,520.730703830719,102.01237524868338,72.21997087448835,511.89052388072014,10.555529709905386,191.98855108385033,21.848145147397485,122.04193309694529,28.53604323758856,61.80161792507215,7.512520331952093,221.6603846475482,13.080535743849685,3.9667822420597076e-05,3.9667822420597076e-05,0.2809533178806305,0.0,0.0,0.006530832964926958,0.008231181651353836,0.9999999403953552,0.9999265670776367,0.0,0.006523238029330969,0.9999265670776367,1.0002977848052979,0.3025355763046725,2e-06,2e-06,128,90,1790348431.042542,1790348520.004352,49,27
91,22.362873792648315,350.55518770217896,22.361433506011963,0.0,0.0013201236724853516,3,1.9375,0.0,250,0,69,900,273,551,0.23242135785403661,3.3250037604302634,37.03692926466465,10.562985735014081,22.758814502507448,125.70902316545835,0.3809019001200795,2.431439553476562,52.70737894997001,132.15853216478718,87.90084464289248,2.082337791129248,0.38737997715361416,6.7109375,0.0,12,1,0,3,0,676,1306,639,310,1639.984375,1506.5,4035,26,0.0,0.0,0.0,0.0,350.55518770217896,100.93745287702768,84.70094490610063,311.19553335011005,13.753120332956314,320.11507442114083,34.85899062027786,109.39191818982363,50.67106622293468,99.80264038499028,11.510313187628572,149.794735673815,20.0985799704711,-8.2407146692276e-05,-8.2407146692276e-05,0.33484041690826416,0.0,0.0,0.0073144081979990005,0.007739248685538769,1.0000001192092896,1.0000076293945312,0.0,0.007310736458748579,1.0000076293945312,1.000501036643982,0.3600923386340633,2e-06,2e-06,128,91,1790348550.530733,1790348638.344587,49,27
92,81.03872776031494,336.64014768600464,81.03650712966919,0.0,0.0008375644683837891,3,1.8984375,0.0,252,0,74,920,277,566,0.1860078586905729,3.555717832117807,49.37451987154782,9.850462751463056,25.437270740047097,143.82523180890712,0.4534898834535852,2.5755589050468752,57.186129884794354,150.6703070938238,93.87299600243568,2.1289798356883693,0.515686160128098,7.09375,0.0,11,5,0,0,0,684,1325,648,315,2002.765625,1822.5,6042,311,0.0,0.0,0.0,0.0,336.64014768600464,115.5485226099554,105.29364421777427,288.5238836854696,8.585340071469545,335.0640165034877,31.906473645022533,163.79926434531808,62.1438619867987,126.91791802122873,17.947948399890713,67.03540884703398,22.410585310997675,6.183842197060585e-05,6.183842197060585e-05,0.24584455788135529,0.0,0.0,0.005802209954708815,0.006889642681926489,1.0,1.000046730041504,0.0,0.00580052612349391,1.000046730041504,1.0004838705062866,0.23549960849915702,2e-06,2e-06,128,92,1790348728.40691,1790348819.085967,49,28
93,0.0024118423461914062,362.4216196537018,0.0,0.0,0.0014607906341552734,3,1.7265625,0.0,255,6,70,934,281,575,0.20828948356211185,3.3026635786809493,49.11124989762902,11.17411182448268,20.785550272092223,129.9370826749073,0.296522493386874,1.9631602279296876,46.9325093254447,136.01328325894428,80.31516144424677,1.822455969551811,0.43379207092220895,6.2734375,0.0,7,6,0,3,0,691,1335,656,316,1627.3671875,1358.0,6349,231,0.0,0.0,0.0,0.0,362.4216196537018,103.61718228345853,85.62663067504764,308.522894769907,11.863749172538519,287.014242599708,34.10944416564343,42.52445566654205,38.64366862750992,95.79220660135933,17.51827058790407,150.61879836395383,29.975993527085823,-3.331410698592663e-05,-3.331410698592663e-05,0.23791679739952087,0.0,0.0,0.005535564385354519,0.005861848127096891,0.9999999403953552,0.9999833703041077,6.023515652486822e-06,0.005530327558517456,0.9999824166297913,1.000340461730957,0.2784488314325462,2e-06,2e-06,128,93,1790348825.674305,1790348914.81107,50,28
94,28.43104362487793,1168.9961326122284,28.429965496063232,0.0,0.000965118408203125,8,2.7734375,0.0,254,0,68,948,282,586,0.22668586776126176,3.193379540229216,39.85776566527784,10.766204219311476,26.31644593551755,157.2773506042431,0.5517019330873154,2.6135532511484376,77.98471320420504,163.51460981398122,116.60220047831535,1.7605864008073695,0.4718999592587352,9.5625,0.0,10,3,2,1,0,701,1342,667,316,1727.09375,1391.5,5100,189,0.0,0.0,0.0,0.0,1168.9961326122284,129.66572535064188,87.10532358847558,1126.343552686274,19.887452449649572,87.11634181295268,10.136047219867468,26.020328849554062,10.366798633000903,31.518210915149822,4.362717598221292,308.093919493258,5.92401775983728,5.770241841673851e-05,5.770241841673851e-05,0.2790510058403015,0.0,0.0,0.006746602710336447,0.007334261666983366,1.0,1.000101089477539,0.0,0.006746454164385796,1.000101089477539,1.0006717443466187,0.255914667575928,2e-06,2e-06,128,94,1790348949.456415,1790349041.504829,52,28
95,21.180299043655396,265.08478903770447,21.17912244796753,0.0,0.0011129379272460938,3,1.9609375,0.0,256,0,66,964,285,598,0.15700928145088255,2.816900745558087,35.88538313470781,8.081592462956905,19.87922341749072,109.58390968642198,0.3153847489738837,1.8802033724921874,44.06823216564953,114.74243150194525,73.30718177184463,1.5630616555863526,0.3007457219355274,6.453125,0.0,6,7,0,3,0,709,1351,674,322,1476.046875,1429.5,3911,52,0.0,0.0,0.0,0.0,265.08478903770447,86.48648455381044,83.4955468326807,214.05424733832479,7.791450046002865,415.2212344318166,47.96955738637774,23.670547515153885,52.67294886914198,118.78840771780814,14.753769969968804,66.98943078517914,19.743016870765786,3.8626138120889664e-05,3.8626138120889664e-05,0.27095460891723633,0.0,0.0,0.006201297976076603,0.04901622608304024,1.0,1.0000442266464233,1.0633179044816643e-05,0.006202296819537878,1.0000401735305786,1.0005061626434326,0.35495341327727903,2e-06,2e-06,128,95,1790349070.460402,1790349154.13963,53,28
96,146.31696486473083,479.74218916893005,146.3156681060791,0.0,0.0009918212890625,5,1.875,0.0,249,0,72,990,288,620,0.20350737366243266,2.506912336451933,45.689223844558,5.021554164588451,16.087742457166314,131.17210360988975,0.3090218788711354,1.949094746078125,62.85572321340442,136.43227792080143,85.11932009644806,1.9251730421674438,0.2925359666987788,7.71875,0.0,7,5,2,2,0,716,1376,685,327,1500.6953125,1450.5,3858,264,0.0,0.0,0.0,0.0,479.74218916893005,115.09933505070512,99.45076842233539,436.8882207162678,23.465306911617517,196.28459227887842,19.5625905160809,84.71300036087632,23.757738075806365,66.73341235381751,8.041819308581792,84.71300036087632,9.766366914913261,-1.8246471881866455e-05,-1.8246471881866455e-05,0.31875917315483093,0.0,0.0,0.00721850385889411,0.008512582629919052,1.0,1.0000207424163818,0.0,0.007213145960122347,1.0000207424163818,1.0005111694335938,0.330870337907021,2e-06,2e-06,128,96,1790349307.443202,1790349390.964713,54,28
97,85.83577823638916,375.2010009288788,85.82569193840027,0.0,0.0012052059173583984,3,1.2265625,0.0,256,0,78,1006,290,633,0.13224057288607582,1.9072619679791387,52.42053307779133,1.5760786700993776,11.910786407068372,129.4261641217454,0.23632288014050573,1.745830161921875,62.28259561024606,133.33470119693084,76.70777544751763,1.264013897452969,0.3652999391197227,6.1796875,0.0,9,6,0,1,0,724,1395,691,332,1431.2578125,1404.0,3233,345,0.0,0.0,0.0,0.0,375.2010009288788,119.66149936875445,105.19461479596794,359.7839531376958,32.37276974320412,233.78047086631685,32.8330680608582,135.42965173721313,51.378115198211525,81.37904729573943,8.6167147528821,188.88043991476297,17.351815507656532,3.9173755794763565e-05,3.9173755794763565e-05,0.3219393193721771,0.0,0.0,0.007273743394762278,0.009168369695544243,1.0,0.9999005794525146,5.376806711865356e-06,0.007266273256391287,0.999900221824646,1.0002825260162354,0.3030995043621208,2e-06,2e-06,128,97,1790349490.514124,1790349569.713444,55,28
98,98.1535873413086,493.2303977012634,98.15168309211731,0.0,0.001031637191772461,3,1.3671875,0.0,252,0,74,1027,297,644,0.11510099523002282,2.4844688490848057,54.25424690544605,2.1598494704812765,17.159587051719427,140.33197246235795,0.22413069786853157,2.4082283964999998,65.05283132381737,145.5933014456532,85.4755695592612,1.970333491510246,0.4228873910033144,7.6640625,0.0,11,5,0,0,0,734,1411,693,337,1802.0859375,1498.0,6029,581,0.0,0.0,0.0,0.0,493.2303977012634,126.63949878740823,105.67107590660453,479.58876195549965,34.93054635450244,217.92891753555304,22.7236602858131,120.79320838674903,30.09366497644549,77.94430387740378,12.223496418912132,263.9980406872928,26.300824536880548,-7.800059393048286e-06,-7.800059393048286e-06,0.20468854904174805,0.0,0.0,0.005081559531390667,0.007089799735695124,1.0,0.9999377727508545,2.301178255947889e-06,0.005071253515779972,0.9999375343322754,1.0002244710922241,0.23894750752796423,2e-06,2e-06,128,98,1790349675.81346,1790349761.431888,57,29
99,49.81322956085205,975.3979804515839,49.81019854545593,0.0,0.0013358592987060547,7,1.765625,0.0,254,0,79,1035,298,650,0.17202292004367337,2.8641352561535314,55.36447023041546,4.538336135447025,18.42537373304367,175.15679622266907,0.22774996954831295,2.5234066466328127,95.10537017695606,180.78738477948355,119.2254844084382,1.807037992082769,0.5257806396693923,10.015625,0.0,8,5,2,1,0,743,1423,698,340,1762.6171875,1565.0,6202,559,0.0,0.0,0.0,0.0,975.3979804515839,159.67866628375486,135.9381374195218,934.34114106372,25.298560924828053,103.78464520345415,11.243615652067032,307.6848485469818,16.424718155111684,38.550930751969595,6.3584302246849385,524.078823145479,13.741938270512026,6.967410445213318e-05,6.967410445213318e-05,0.2927117943763733,0.0,0.0,0.0067945318296551704,0.007599579636007547,1.0,0.99993896484375,0.0,0.0067873368971049786,0.99993896484375,1.000329613685608,0.2570137887606534,2e-06,2e-06,128,99,1790349821.326782,1790349908.851274,58,29
100,55.70747971534729,518.5826282501221,55.70615077018738,0.0,0.0011506080627441406,3,1.7578125,0.0,250,0,76,1058,303,667,0.15740873070899397,2.8561328208015766,54.876778637990355,4.920501962304115,16.776638440787792,143.6056428887532,0.33179622594616376,2.1866169435234375,65.59690044261515,149.32871264900314,88.37483928352594,1.8826995275449008,0.47886788204777986,7.3046875,0.0,9,5,1,1,0,747,1439,710,344,1566.7578125,1387.5,6150,393,0.0,0.0,0.0,0.0,518.5826282501221,127.96390979652642,107.72140638902783,474.53583455458283,24.901667930185795,179.6492881266855,18.107046955439138,430.93966110795736,107.13922983424993,64.45292388495815,11.859248005958541,150.07159288600087,16.688781094230357,-5.879905074834824e-06,-5.879905074834824e-06,0.2314589023590088,0.0,0.0,0.005492106080055237,0.0063835508190095425,1.0,1.000107765197754,0.0,0.00549670634791255,1.000107765197754,1.0005924701690674,0.2666331122318255,2e-06,2e-06,128,100,1790349994.159457,1790350075.646836,58,30
101,62.97026443481445,1009.2724130153656,62.96891951560974,0.0,0.0011377334594726562,7,2.1484375,0.0,250,0,74,1083,308,684,0.2546017967106309,2.2459678018349223,54.84695305489004,4.931945340707898,22.013891115784645,183.9279590024089,0.34107048489386216,2.490511810132813,100.12760229222476,188.729530337936,128.37196503952146,1.5527060446329415,0.37185803274041973,10.671875,0.0,9,3,4,0,0,754,1459,720,346,1969.2578125,1732.5,5549,724,0.0,0.0,0.0,0.0,1009.2724130153656,163.58984844759107,130.31485616602004,987.6132077947259,44.890106827020645,99.5413448715791,10.840482568340477,316.2027950398624,15.786292915218676,41.624870343794626,5.498020086986683,270.32113290578127,7.509290733182165,2.411496825516224e-05,2.411496825516224e-05,0.31099775433540344,0.0,0.0,0.007360965479165316,0.006992538925260305,1.0,1.000101089477539,0.0,0.007365638390183449,1.000101089477539,1.0006998777389526,0.24027128633848782,2e-06,2e-06,128,101,1790350146.083347,1790350236.644921,59,32
102,31.08526110649109,1369.046169757843,31.084068059921265,0.0,0.001085519790649414,10,2.375,0.0,255,0,72,1100,311,696,0.2410371289588511,3.21091582038207,39.95021225698292,5.637347649782896,22.93601220846176,166.30429457710125,0.2639238437404856,2.322943221398438,95.5786738935858,171.96694919688161,125.7677446808666,1.4994210416916758,0.387185462663183,11.1953125,0.0,8,5,2,1,0,762,1471,726,351,1799.296875,1455.5,5636,189,0.0,0.0,0.0,0.0,1369.046169757843,146.5696109982382,93.5616491176188,1318.3231701776385,22.287110801786184,72.67712041510813,7.791556074319086,146.2668091095984,8.723568898272042,28.037768811543838,4.116734792806072,382.2611565515399,5.711477094374663,1.0678544640541077e-05,1.0678544640541077e-05,0.2710076868534088,0.0,0.0,0.006615271791815758,0.0069615161046385765,0.9999999403953552,1.000012993812561,0.0,0.006612303666770458,1.000012993812561,1.0004786252975464,0.2574354072683931,2e-06,2e-06,128,102,1790350274.145854,1790350364.92408,59,34
103,57.75956702232361,502.7383418083191,57.758633613586426,0.0,0.0007872581481933594,4,1.75,0.0,254,0,69,1120,318,708,0.18560143836657517,2.7940915577637497,37.68007255345583,5.771172037348151,21.135523235425353,115.98613965135883,0.47820973736816086,2.2049189951406247,49.70550996810198,121.92102573628654,77.84732318855822,2.1279225166945253,0.33058837620774284,6.96875,0.0,11,4,0,1,0,768,1488,734,353,1664.375,1495.0,5925,312,0.0,0.0,0.0,0.0,502.7383418083191,96.55522633134387,78.77805740572512,452.60535928606987,12.945672400295734,202.98232999882836,22.3734675965665,52.389999486505985,24.97622161105308,70.62653415084944,11.785454792821524,143.320897474885,16.48500954367517,1.6887206584215164e-05,1.6887206584215164e-05,0.2529181241989136,0.0,0.0,0.005905942525714636,0.009049652144312859,0.9999999403953552,0.9999687075614929,0.0,0.005895022768527269,0.9999687075614929,1.0003381967544556,0.2566118604545125,2e-06,2e-06,128,103,1790350426.570185,1790350509.839969,60,34
104,70.17427134513855,421.72631454467773,70.17294216156006,0.0,0.0011484622955322266,3,1.65625,0.0,249,0,71,1136,322,717,0.2255569109984208,2.1130860990961082,47.938207518309355,2.45657348446548,15.614822380244732,120.87079265227658,0.35449363532825373,1.6220868353828124,53.54748070798814,125.57357362002949,72.55894094891846,1.645575731061399,0.3213499604316894,6.34375,0.0,8,4,0,4,0,774,1508,739,356,1559.359375,1450.0,6214,179,0.0,0.0,0.0,0.0,421.72631454467773,107.7782415462425,90.42174079269171,393.086851041764,24.928952626883984,268.6940070497514,26.137804589929665,116.2912894487381,36.0895087147834,78.88133176904022,14.734674564258636,174.3726126253605,25.121920358511172,-6.2539242208004e-05,-6.2539242208004e-05,0.36537623405456543,0.0,0.0,0.007861373014748096,0.009712159633636475,1.0,1.000009298324585,0.0,0.007859834469854832,1.000009298324585,1.0005241632461548,0.3374638259893013,2e-06,2e-06,128,104,1790350583.731564,1790350668.440558,62,35
105,76.06114053726196,359.5821659564972,76.05990862846375,0.0,0.0010428428649902344,3,1.421875,0.0,251,0,69,1157,327,731,0.23913076511234976,3.1591694147791713,39.61229276098311,5.147936511784792,21.402325177565217,119.70761199586559,0.48018243291880935,2.0205113074843757,51.240397959947586,126.33935913283494,79.25948516651988,2.174848706490593,0.5709913994651288,6.3984375,0.0,9,6,0,1,0,782,1522,747,361,1614.71875,1518.0,5607,485,0.0,0.0,0.0,0.0,359.5821659564972,99.94668069621548,89.78430434688926,313.61513539403677,36.04285493120551,282.0829551715627,28.052003005122174,172.34719505906105,53.87348288437779,95.79822525875998,15.5930981312303,144.62688923627138,26.084495740468697,5.503883585333824e-05,5.503883585333824e-05,0.22410479187965393,0.0,0.0,0.005347022321075201,0.007064699195325375,1.0,0.9998965263366699,0.0,0.005335415713489056,0.9998965263366699,1.0001457929611206,0.25220583285378834,2e-06,2e-06,128,105,1790350747.636015,1790350834.52427,63,36
106,64.23925733566284,746.9567699432373,64.23463988304138,0.0,0.002292156219482422,5,1.6953125,0.0,256,0,67,1174,332,743,0.22426683153025806,3.44825893532834,43.81502431072295,3.7362449262291193,19.299714647233486,129.12555740057724,0.395114252663916,2.2600656697656256,60.184970289468765,135.60109873881447,84.72627781704068,2.0627484855940565,0.3229247461131308,6.6484375,0.0,10,1,0,5,0,790,1534,751,368,1660.484375,1397.5,6327,56,0.0,0.0,0.0,0.0,746.9567699432373,112.84869398354203,97.7687801644206,691.8103701844811,3.215790744870901,170.4161540830178,16.615419391597637,29.846387706696987,17.306959022531913,47.42398501771205,8.470369711597636,231.1221355870366,12.265558724835447,-4.6831846702843904e-05,-4.6831846702843904e-05,0.2887863218784332,0.0,0.0,0.006242822855710983,0.040647927671670914,1.0,1.0000237226486206,2.649203224791563e-06,0.0062426491640508175,1.0000227689743042,1.0004554986953735,0.41084979321596576,2e-06,2e-06,128,106,1790350905.675859,1790351003.536907,63,36
107,147.6076624393463,772.1172723770142,147.6055634021759,0.0,0.0018188953399658203,6,1.46875,0.0,250,0,72,1191,337,754,0.13483692717272788,2.354408935207175,58.44258966110647,2.1905253808945417,14.408456157892942,166.44332533254055,0.2318470964964945,2.3707338487578125,90.06435753032565,171.0519246464537,107.63017929531634,1.5623929558496457,0.2803250202559866,9.40625,0.0,9,5,1,1,0,800,1552,756,373,1560.21875,1470.0,4071,150,0.0,0.0,0.0,0.0,772.1172723770142,154.82605771304225,123.02733949013054,722.446153961122,15.491740871220827,132.91094112867356,14.480960859195068,451.0153265297413,34.82071704827995,43.108304732256045,5.272515129038827,163.32322477921844,6.6869904790684425,-3.4176744520664215e-05,-3.4176744520664215e-05,0.2657402455806732,0.0,0.0,0.0063808998093008995,0.009110852144658566,1.0,1.0000386238098145,0.0,0.0063755689188838005,1.0000386238098145,1.0005065202713013,0.26794750585397126,2e-06,2e-06,128,107,1790351156.230996,1790351243.638325,64,36
108,144.26881909370422,420.62992691993713,144.2660412788391,0.0,0.002502918243408203,2,1.015625,0.0,256,0,77,1210,345,764,0.12739655404584482,1.6422771344077773,65.16161212138832,0.6980613600462675,12.920102063566446,152.03460521396482,0.18602099796407856,1.901940375484375,72.16620081476867,155.3142430553271,86.58442773669958,1.1118796812661458,0.2091565344890114,7.109375,0.0,8,8,0,0,0,810,1570,760,381,1706.3984375,1673.0,3175,435,0.0,0.0,0.0,0.0,420.62992691993713,142.05201779145864,125.39063367061317,400.9992900900543,49.3845524340868,241.29326082398623,26.68141109735207,201.27436670660973,51.16350818317722,86.54440480074463,7.548202818684204,250.41250852122903,18.652615166345967,-5.520880222320557e-06,-5.520880222320557e-06,0.2353888601064682,0.0,0.0,0.005840495228767395,0.008899452164769173,1.0,0.9999893307685852,0.0,0.005832273047417402,0.9999893307685852,1.000380039215088,0.2579203871200333,2e-06,2e-06,128,108,1790351393.155515,1790351478.203806,64,37
109,49.01267337799072,1391.7414684295654,49.0111517906189,0.0,0.0013942718505859375,8,1.96875,0.0,253,0,74,1218,348,769,0.1453335170808714,2.375862520537339,65.9655185751617,1.9471587911248207,21.59598490037024,206.1376078723115,0.3089670122717507,2.3823420769453127,114.63473173230886,211.00614314823179,139.57859121076763,1.6341968525084667,0.3144786187913269,9.875,0.0,9,5,1,1,0,815,1579,765,383,2292.84375,1677.0,6640,225,0.0,0.0,0.0,0.0,1391.7414684295654,191.8197634248645,139.77538117021322,1369.5141885913908,45.18653825297952,88.17585937025676,8.674024791128764,144.14176536351442,9.676180565234455,35.14589534735523,4.771001044822316,132.73665598407388,5.274006846012337,6.211921572685242e-05,6.211921572685242e-05,0.2685927748680115,0.0,0.0,0.006244692485779524,0.009196444414556026,0.9999999403953552,1.0000951290130615,1.3418928119790507e-06,0.006239930167794228,1.000093698501587,1.0006046295166016,0.3096533342101558,2e-06,2e-06,128,109,1790351533.112457,1790351631.636253,64,37
110,88.04851222038269,886.6292486190796,88.04728317260742,0.0,0.0010197162628173828,5,1.703125,0.0,255,0,76,1245,352,789,0.1402691999974195,2.6442869874299504,61.1867389716208,0.9748099520802498,12.940077843144536,158.46119838627055,0.2563618062704336,2.712319761148437,82.08126275986433,163.47740283611347,96.92783655785024,1.6790549825236667,0.2807879910687916,8.2734375,0.0,9,6,1,0,0,826,1596,779,386,1661.578125,1523.5,4949,711,0.0,0.0,0.0,0.0,886.6292486190796,150.81167011597427,124.97292962670326,882.3555865325034,33.377426225692034,117.90008826065383,11.14783886883303,161.2567510381341,13.62610249625163,39.97950671626107,5.581814504436935,549.7112375088036,14.689033642609722,4.2815692722797394e-05,4.2815692722797394e-05,0.22308018803596497,0.0,0.0,0.0054639894515275955,0.006894188467413187,1.0,1.0000048875808716,0.0,0.005459054838865995,1.0000048875808716,1.0003807544708252,0.2348532565509351,2e-06,2e-06,128,110,1790351743.713405,1790351830.856592,64,40
111,45.178284883499146,323.79543471336365,45.17687273025513,0.0,0.0011138916015625,2,1.3671875,0.0,254,0,75,1265,355,804,0.09762689308263361,1.844868639978813,47.83830266445875,0.6874006725847721,10.948779847472906,111.5215047194215,0.1887439232377801,1.4815636315078125,50.925723085179925,114.94383798359195,63.3219745811075,1.0982148809707724,0.18324454600224271,5.796875,0.0,8,5,0,3,0,830,1612,788,392,1349.1796875,1338.5,5718,68,0.0,0.0,0.0,0.0,323.79543471336365,103.16404548822902,97.08622751943767,307.2733830586076,5.6666191928088665,285.81728897832966,37.20558941995113,115.20893280208111,57.755415089725766,88.89100003982264,17.659297775652078,104.2729011029005,26.047439895835193,-0.00014029070734977722,-0.00014029070734977722,0.2214120626449585,0.0,0.0,0.0053222025744616985,0.04833757132291794,1.0,1.0000118017196655,0.0,0.005317090079188347,1.0000118017196655,1.0003831386566162,0.5509899636754793,2e-06,2e-06,128,111,1790351881.182896,1790351953.23358,66,40
112,94.56839323043823,331.337233543396,94.56686496734619,0.0,0.001313924789428711,3,1.46875,0.0,253,0,74,1286,359,820,0.1938242061296478,2.703646444831975,40.578374886885285,3.1742030642926693,16.575479861348867,112.80358052029624,0.3828489155857824,2.0445120562656247,50.915617257356644,118.14501054075663,71.70571249723434,1.5809517240268178,0.43583912469330244,5.96875,0.0,10,4,0,2,0,836,1629,798,395,1491.0859375,1372.5,3885,386,0.0,0.0,0.0,0.0,331.337233543396,98.72767284567817,90.35552344284952,309.46396001800895,35.3377533480525,333.39245382111704,33.784310565669934,124.71644796431065,54.1765436068165,96.00440310662258,11.725214092158987,267.11108549311757,60.48938194080531,-2.8567854315042496e-05,-2.8567854315042496e-05,0.23931804299354553,0.0,0.0,0.0057314131408929825,0.008789700455963612,1.0,0.9998831748962402,0.0,0.005720082204788923,0.9998831748962402,1.0001518726348877,0.2735687077301426,2e-06,2e-06,128,112,1790352056.030798,1790352148.996568,66,41
113,102.20039701461792,1489.8878200054169,102.19932556152344,0.0,0.0008921623229980469,9,2.1171875,0.0,256,0,78,1302,363,830,0.16049579257378355,1.845315521786688,51.13256096467376,3.534455757588148,22.388537883758545,215.65877291871584,0.2412087884149514,2.5437129740937503,136.7236360348761,219.9443442634656,164.09817408770323,1.7594106020696927,0.2605278847622685,14.4765625,0.0,8,3,3,2,0,848,1648,801,397,2185.09375,1881.5,7193,607,0.0,0.0,0.0,0.0,1489.8878200054169,196.41491754955496,130.74713126942515,1446.4909147955477,26.912375256419182,78.6357861490364,7.216650713985237,90.88928209990263,7.685497667565232,31.287814228297975,4.82788026280653,98.71028047800064,5.170440001815631,-3.7934863939881325e-05,-3.7934863939881325e-05,0.31178098917007446,0.0,0.0,0.00710838008671999,0.008320900611579418,1.0,1.0000088214874268,8.241033356171101e-06,0.007103526033461094,1.000004768371582,1.0004918575286865,0.24469788087185257,2e-06,2e-06,128,113,1790352256.957697,1790352367.155165,68,41
114,69.84204816818237,1005.7472078800201,69.84088397026062,0.0,0.0009789466857910156,6,1.609375,0.0,252,0,76,1322,370,840,0.11851574914180674,2.142160182556836,64.45607656985521,1.0506552942097187,14.888996291905642,168.07760462822625,0.33928614534670487,2.0432975674843754,86.0748294647783,172.1075890249631,103.12142713926733,1.1701258044631686,0.24210145452525467,7.921875,0.0,10,4,2,0,0,851,1667,807,403,1694.1484375,1478.0,5722,439,0.0,0.0,0.0,0.0,1005.7472078800201,157.11331945462734,128.7282354515046,964.2790379747748,31.70480450987816,98.25033490104211,10.223244886429338,227.40050089359283,13.210051391891218,35.93530566146483,5.689302396435389,420.7081200182438,9.780543076041276,-1.1835712939500809e-05,-1.1835712939500809e-05,0.28938186168670654,0.0,0.0,0.006724746897816658,0.008926649577915668,1.0,0.9999776482582092,2.784212483675219e-06,0.006720364093780518,0.9999769926071167,1.0004009008407593,0.25626196019243414,2e-06,2e-06,128,114,1790352439.670044,1790352529.56667,69,43
115,19.39066433906555,691.5411677360535,19.3876314163208,0.0,0.0008881092071533203,4,1.84375,0.0,250,0,71,1335,373,849,0.1990405855467543,2.897555203177035,52.20763817243278,1.9517566915601492,17.985098941251636,151.7257576145348,0.41708198210108094,2.150494794164062,77.7170569486916,157.011838626815,98.84093503840268,1.3901497934421059,0.35315158864250407,8.21875,0.0,11,2,1,2,0,857,1677,811,407,1869.03125,1524.5,5733,59,0.0,0.0,0.0,0.0,691.5411677360535,137.83216152066598,112.25578980706632,677.3956767953932,14.666034311056137,149.65823896233334,14.078699077125693,26.181538935750723,14.632688216378256,57.65769057133735,8.290178903981266,326.39201767742634,15.700433642196698,-6.374483928084373e-05,-6.374483928084373e-05,0.2341625690460205,0.0,0.0,0.005490262061357498,0.008833556436002254,1.0,0.9999308586120605,0.0,0.005481287371367216,0.9999308586120605,1.0002282857894897,0.3939529183693254,2e-06,2e-06,128,115,1790352556.448639,1790352639.958455,69,44
116,111.11747097969055,1642.9179277420044,111.1153175830841,0.0,0.0008571147918701172,9,1.890625,0.0,250,0,75,1354,378,863,0.15393277304247022,2.815115053381305,53.87631371803582,3.6546741854399443,22.116193681955338,190.08566585252993,0.45376145630143583,3.0518364800859374,108.24485379830003,195.09792615720653,135.70163933373988,1.2635295178333763,0.2977673271379899,11.1796875,0.0,9,4,2,1,0,869,1695,819,408,1876.8828125,1650.0,5906,391,0.0,0.0,0.0,0.0,1642.9179277420044,171.90209997689817,114.22672490775585,1574.4223015867174,32.570547707378864,72.56053268822829,6.893831888222342,205.8815250955522,7.881498324706313,24.371373633798687,3.59482351508398,476.8154931329191,5.064735159377212,4.28222119808197e-05,4.28222119808197e-05,0.2640470266342163,0.0,0.0,0.006456197239458561,0.008648949675261974,0.9999999403953552,0.999953031539917,0.0,0.006443522870540619,0.999953031539917,1.0003350973129272,0.25586065626915594,2e-06,2e-06,128,116,1790352759.093576,1790352856.927837,69,44
117,17.985869884490967,934.2337219715118,17.984819889068604,0.0,0.0009374618530273438,5,1.8046875,0.0,250,0,70,1374,379,878,0.3262567033234518,3.2154753811482806,49.601958291605115,4.387443341314793,20.247675960883498,156.91723965437268,0.29674643400358036,1.6910278234453124,80.52177378721535,162.55032249673968,106.68672838248312,1.46710258119856,0.23165555924060754,9.5546875,0.0,6,4,3,3,0,873,1711,825,413,1628.171875,1664.5,3875,57,0.0,0.0,0.0,0.0,934.2337219715118,139.3373582539498,109.26169647835195,900.911922160536,14.673234153538942,131.4358820983318,13.142321574615993,221.40033830329776,17.224221369680905,37.17949001030869,4.147784337973365,155.71989746019244,4.977432484814736,-1.782085746526718e-05,-1.782085746526718e-05,0.31357795000076294,0.0,0.0,0.00721423514187336,0.01130648236721754,1.0,1.0000709295272827,0.0,0.007206742186099291,1.0000709295272827,1.0006228685379028,0.44962368833824073,2e-06,2e-06,128,117,1790352881.503804,1790352982.109263,71,46
118,147.9596347808838,458.25930547714233,147.95721697807312,0.0,0.0012097358703613281,4,1.6015625,0.0,256,0,73,1419,390,909,0.24743081664200872,2.1778682714211755,48.061352990567684,4.074479481205344,18.09924633987248,129.31228717867634,0.2136823468026705,1.585002586578125,57.221491903066635,133.88047981073032,80.73849773034453,1.5624722826760262,0.35205491265514866,7.234375,0.0,9,3,1,3,0,888,1740,841,417,1490.8046875,1266.5,5753,140,0.0,0.0,0.0,0.0,458.25930547714233,111.50202255728072,90.17023716494441,392.8808716572821,19.66716207936406,206.94469746684413,26.44136159413873,182.31055784970522,43.91032792929852,69.40139120627128,12.55402766782868,359.12469460070133,58.032204384908525,-3.8502272218465805e-05,-3.8502272218465805e-05,0.31154581904411316,0.0,0.0,0.007028962951153517,0.011670448817312717,0.9999999403953552,0.9999130368232727,0.0,0.007010236382484436,0.9999130368232727,1.0002846717834473,0.30624101197424314,2e-06,2e-06,128,118,1790353136.732984,1790353224.346863,73,47
119,89.74781656265259,409.9821500778198,89.74609088897705,0.0,0.0010426044464111328,2,1.171875,0.0,250,0,71,1447,400,925,0.12379525776486844,2.6554239871911705,41.7245580367744,4.539720635861158,19.253701899200678,124.99947042949498,0.3090989945922047,2.239448484296875,57.532516710460186,130.3559023833077,82.7088512480259,1.9549237863684539,0.29679669468896464,7.4296875,0.0,8,6,1,1,0,897,1757,851,423,1635.734375,1566.5,3453,200,0.0,0.0,0.0,0.0,409.9821500778198,106.90098299691454,89.80700085125864,376.533329077065,16.754838097840548,260.4288178068244,27.08166684303819,239.85100635513663,65.26141984972539,85.11508771794827,8.422317896875697,129.29222477599978,12.301830912837577,2.860371023416519e-05,2.860371023416519e-05,0.2485680729150772,0.0,0.0,0.00588271114975214,0.008379390463232994,1.0,0.9999264478683472,0.0,0.0058722104877233505,0.9999264478683472,1.0002402067184448,0.26478030027059146,2e-06,2e-06,128,119,1790353327.296466,1790353410.797812,73,49
120,63.10679745674133,1167.606285572052,63.10158371925354,0.0,0.0007994174957275391,7,1.6015625,0.0,253,0,70,1469,406,937,0.3282125812256709,3.6565805982681923,40.20234618708491,10.286728670820594,21.243180060759187,125.15451182989636,0.4259014127892442,2.2595721729062497,50.971316227689385,131.35593091728515,84.16233458556235,1.299780221277615,0.4689787625975441,6.8671875,0.0,7,7,1,1,0,900,1780,856,429,1325.9609375,1276.5,3432,288,0.0,0.0,0.0,0.0,1167.606285572052,101.21413349171053,79.68314427509904,1132.34806362167,21.174369048327208,82.14826737279874,8.46432579382524,33.09118826687336,8.711210651559558,24.226631028119016,2.939346972013379,176.46682061254978,3.4626812081791445,6.03310763835907e-06,6.03310763835907e-06,0.2403850108385086,0.0,0.0,0.006085675209760666,0.009546158835291862,1.0,1.0000362396240234,0.0,0.006080388091504574,1.0000362396240234,1.0005003213882446,0.2752404039964038,2e-06,2e-06,128,120,1790353508.727352,1790353588.389862,76,50
121,61.55972719192505,341.3275442123413,61.55800008773804,0.0,0.0011408329010009766,2,1.5625,0.0,250,0,74,1481,407,945,0.253055590816075,3.5474563564930577,49.55858959443867,10.83565953746438,20.07237122580409,128.49114937637933,0.23593029414769262,2.15342186378125,45.72370211221278,135.21869044780033,78.31386246159673,2.1853870267805178,0.4648689170717262,5.8203125,0.0,11,2,0,3,0,907,1794,864,432,1374.3125,1433.0,3179,224,0.0,0.0,0.0,0.0,341.3275442123413,105.03662030844134,93.82580561935902,325.6915733963251,18.04043222591281,292.12409514179143,34.6236341027549,133.51435690000653,56.868383343921415,85.89598807304986,9.313634524679118,129.83458217978477,15.031233046471945,9.269732981920242e-05,9.269732981920242e-05,0.28518280386924744,0.0,0.0,0.006624274887144566,0.010756156407296658,1.0,1.0000102519989014,4.290225206204923e-06,0.0066173444502055645,1.0000101327896118,1.000474214553833,0.32251027386587033,2e-06,2e-06,128,121,1790353655.769475,1790353738.279828,77,52
122,81.70961260795593,467.54707884788513,81.70820760726929,0.0,0.0012087821960449219,4,1.8125,0.0,255,0,72,1500,410,960,0.2229837801423855,3.220324022404384,45.83712049014866,5.344340780749917,18.804023034870625,136.9194718853687,0.2829057205526624,2.320126882078125,65.20709004811943,142.96865457121748,90.59218024089932,1.8689961940981448,0.41758658053004183,7.8828125,0.0,11,2,1,2,0,913,1810,871,436,1600.84375,1448.5,4540,212,0.0,0.0,0.0,0.0,467.54707884788513,119.68169686399051,103.45947752706707,453.401867326349,24.883968621492386,225.43041781600917,25.04560616410098,165.7173426412046,38.796707531763786,73.04362464949621,9.710252090949485,134.72615866363049,13.640969436316047,5.3661875426769257e-05,5.3661875426769257e-05,0.256037175655365,0.0,0.0,0.006308899261057377,0.010596892796456814,1.0,1.000024437904358,0.0,0.00630187289789319,1.000024437904358,1.0004833936691284,0.3043726737307533,2e-06,2e-06,128,122,1790353826.43325,1790353914.698603,78,52
123,204.64879488945007,461.10939598083496,204.6386477947235,0.0,0.0028467178344726562,3,1.03125,0.0,256,0,77,1536,420,979,0.2150898739346303,2.4714931578200776,47.156386986374855,2.1071647237986326,15.90736453793943,141.41728515044088,0.25965393931255676,2.508706279765625,74.52954444475472,147.22130158671644,93.88841720856726,2.559161127428524,0.2702514477423392,7.8125,0.0,11,2,1,2,0,920,1842,881,444,1537.53125,1552.0,5605,61,0.0,0.0,0.0,0.0,461.10939598083496,130.661288653675,118.12008365616202,455.560205090791,15.34964594244957,244.34006546395074,26.147808101705053,23.35551155731082,27.542873813393573,71.13424049166406,12.155466899731014,150.47875291109085,18.043937792516953,-3.08062881231308e-05,-3.08062881231308e-05,0.2693478763103485,0.0,0.0,0.006366861518472433,0.012210697866976261,1.0,0.9999412298202515,0.0,0.006359022110700607,0.9999412298202515,1.0003092288970947,0.3753626579798822,2e-06,2e-06,128,123,1790354128.665382,1790354220.907531,83,54
124,23.861435890197754,1265.3204576969147,23.859630584716797,0.0,0.0009701251983642578,7,1.8046875,0.0,250,0,68,1555,429,989,0.21255693776765838,2.4969245943357237,57.06407907605171,3.191767143085599,18.22494080848992,192.80033588444348,0.249739133665571,2.883770988765625,112.94809975661337,198.19403360431897,135.31335116364062,2.16037466871785,0.23900049406802282,11.171875,0.0,11,0,4,1,0,923,1856,885,449,1649.125,1553.0,4874,258,0.0,0.0,0.0,0.0,1265.3204576969147,181.0389241858502,133.56994700059295,1239.075353935361,17.844368308782578,78.15740752873769,8.630224804770915,345.27547837793827,11.86898493602243,27.804287142696623,3.8519886170744906,217.27025296911597,4.650540573355341,-0.0001232533250004053,-0.0001232533250004053,0.30329468846321106,0.0,0.0,0.007433154620230198,0.011215731501579285,1.0000001192092896,0.9999288320541382,0.0,0.007424302864819765,0.9999288320541382,1.0003658533096313,0.3225359274383932,2e-06,2e-06,128,124,1790354249.515443,1790354345.052598,83,54
125,80.1929018497467,1135.9786648750305,80.1917896270752,0.0,0.0009500980377197266,7,1.9765625,0.0,249,0,72,1574,433,1002,0.1263003779167775,2.131844528776128,51.64884843677282,1.6762056164443493,15.548933889716864,154.00985892381868,0.29431936106993817,1.8169622661328124,83.62698751315475,158.14386772699072,101.93511904217303,1.30200826987857,0.26938883890397847,9.4921875,0.0,11,3,2,0,0,937,1870,894,451,1727.765625,1452.0,6781,520,0.0,0.0,0.0,0.0,1135.9786648750305,141.99199609624338,108.73150950111449,1105.749074228108,24.53978369012475,77.94923391136747,10.097020617250607,134.3460356220603,11.451304265671203,32.44691219975938,5.96930224983229,134.3460356220603,6.769947186182774,7.019424811005592e-05,7.019424811005592e-05,0.2607133686542511,0.0,0.0,0.006469602696597576,0.011483398266136646,0.9999999403953552,1.0000536441802979,0.0,0.0064684925600886345,1.0000536441802979,1.0005604028701782,0.25335569112606765,2e-06,2e-06,128,125,1790354427.195641,1790354512.753399,84,55
126,69.85583996772766,373.974650144577,69.85388040542603,0.0,0.0008478164672851562,3,1.40625,0.0,255,0,77,1594,437,1015,0.2114399482961744,2.3574085719592404,48.55164267681539,1.7634561620652676,14.709841759875417,127.43340240250109,0.3434018322441261,1.8377982900390624,60.74425873160362,132.43668046040693,78.42866130918264,1.829296322306618,0.2544305569026619,6.8203125,0.0,11,4,1,0,0,947,1889,902,455,1532.328125,1299.5,4059,415,0.0,0.0,0.0,0.0,373.974650144577,116.38247774570482,103.19240462593734,337.2286642305553,28.157844804227352,247.94015663223934,30.028773329043904,201.98258098959923,65.29370833884744,87.41145062647689,10.853676842617027,272.2245735451579,39.89186186050667,1.1109746992588043e-05,1.1109746992588043e-05,0.19888071715831757,0.0,0.0,0.0051216729916632175,0.009325189515948296,0.9999999403953552,0.9999504685401917,0.0,0.005120219197124243,0.9999504685401917,1.0002546310424805,0.24121053595258518,2e-06,2e-06,128,126,1790354590.490822,1790354667.947205,85,57
127,83.27575588226318,745.1542913913727,83.274573802948,0.0,0.0009417533874511719,4,1.671875,0.0,253,0,68,1627,445,1038,0.1760030920850113,2.6252861744142137,35.53082829155028,5.607350084930658,17.981892481446266,156.0498497177614,0.307500290684402,1.8358339160546875,95.00229208543897,161.40120319649577,119.89198290929198,1.8649719105451368,0.36298152114613913,11.4375,0.0,2,9,4,1,0,958,1912,905,458,1465.4296875,1406.0,3770,278,0.0,0.0,0.0,0.0,745.1542913913727,137.44809249899117,94.73450305685401,716.4646566137671,22.419049486517906,119.99125688862027,14.783515477620911,94.34766789153218,16.92668697924323,41.954398385904476,5.059354879323786,94.34766789153218,5.792811357275506,-3.935769200325012e-06,-3.935769200325012e-06,0.2546490728855133,0.0,0.0,0.006362073123455048,0.00882621482014656,0.9999999403953552,0.9999051094055176,0.0,0.006358478218317032,0.9999051094055176,1.0002473592758179,0.279967163961989,2e-06,2e-06,128,127,1790354757.826742,1790354844.619549,86,58
128,117.05122447013855,1262.4677140712738,117.04980134963989,0.0,0.0010852813720703125,7,1.5859375,0.0,253,0,71,1651,452,1054,0.3019303935870994,4.102745216223411,42.816731879487634,6.799687521532178,21.978173101320863,139.18579112910083,0.3405201908026356,2.7468069216640623,65.56540817767382,147.17294353360194,95.80318740941584,2.856410669948673,0.3697039983817376,7.5703125,0.0,12,3,1,0,0,967,1934,915,460,1754.8125,1374.0,6929,393,0.0,0.0,0.0078125,0.0,1262.4677140712738,119.77973081573145,98.20591354928911,1226.94797815755,16.09464932233095,74.15714394634772,8.79388825255394,196.6331202723086,10.416250386871969,29.653035545181883,5.488457188069379,362.9548731483519,7.703058460945014,-4.4809188693761826e-05,-4.4809188693761826e-05,0.19900663197040558,0.0,0.0,0.005109984893351793,0.007784404791891575,1.0,1.0000364780426025,0.0,0.005113217514008284,1.0000364780426025,1.000427007675171,0.2295048568150379,2e-06,2e-06,128,128,1790354969.015915,1790355053.051569,87,58
129,40.214684009552,453.6182584762573,40.21357440948486,0.0,0.0009233951568603516,3,1.359375,0.0,250,0,75,1667,456,1065,0.21606717034592293,3.3706233913835604,38.621239103376865,8.862855838611722,24.624602023512125,128.67983647700748,0.34725616706418805,2.299142032734375,54.02786856330931,134.78639679125627,89.38185141980648,1.7062960054608993,0.4363703301351052,7.265625,0.0,9,6,0,1,0,977,1944,925,466,1714.34375,1496.5,6568,211,0.0,0.0,0.0,0.0,453.6182584762573,102.84603562764823,94.63063830882311,404.6369531005621,27.96406964957714,243.11705111646336,27.556210021149884,28.669785492122173,29.415331021713474,80.62432669601394,14.479134993512995,130.810452029109,20.346472014688857,2.6581808924674988e-05,2.6581808924674988e-05,0.2612224519252777,0.0,0.0,0.006263230461627245,0.011333351023495197,1.0,1.0000516176223755,0.0,0.006262361537665129,1.0000516176223755,1.0005242824554443,0.2852932326631023,2e-06,2e-06,128,129,1790355101.830762,1790355195.011409,88,58
130,13.544111251831055,477.81655645370483,13.541740655899048,0.0,0.0011038780212402344,4,1.7265625,0.0,256,0,68,1693,465,1081,0.21559183843783103,3.2893623513518833,44.08261413872242,8.234758449718356,19.428298166021705,117.10085401742253,0.3600032755348366,2.1464388102656247,43.056625017896295,123.70382503987639,72.3301255069673,2.2143285706697498,0.437608699867269,5.828125,0.0,8,3,0,5,0,982,1961,934,470,1335.0390625,1447.5,3421,40,0.0,0.0,0.0,0.0,477.81655645370483,97.69924022545456,87.72067541629076,447.0396743044257,9.852530423551798,246.33442495220604,26.53947383932614,45.88848356902599,29.359054889182257,59.606208593344995,7.15965144738859,126.44512700289488,9.73613593269945,3.364682197570801e-05,3.364682197570801e-05,0.30386602878570557,0.0,0.0,0.0070824516005814075,0.07132234424352646,1.0,0.9999606609344482,0.0,0.007084654178470373,0.9999606609344482,1.0003970861434937,0.5836443214004308,2e-06,2e-06,128,130,1790355240.617216,1790355323.398071,89,58
131,68.82451915740967,1176.4825909137726,68.82289481163025,0.0,0.0013659000396728516,8,1.859375,0.0,255,0,72,1712,474,1088,0.155866083514411,2.066544960573083,37.53987918794155,3.89590129815042,17.44645536132157,128.1074485668214,0.27835231376229785,1.8319210964609376,67.75236201658845,132.63803917111363,90.2277856003493,1.8168821211438626,0.18734941005823202,7.6875,0.0,10,2,1,3,0,989,1979,945,473,1667.59375,1582.5,5675,160,0.0,0.0,0.0,0.0,1176.4825909137726,114.07553483557422,93.3704001288861,1158.0442859120667,11.630293611437082,93.85136750237945,9.376254340858742,37.99283794313669,9.689151765500794,30.238724829495364,4.823700787269818,319.75321343541145,6.6240287180339354,-2.9040034860372543e-05,-2.9040034860372543e-05,0.3190421462059021,0.0,0.0,0.007140251342207193,0.012988599017262459,1.0,0.9999507069587708,0.0,0.007138235028833151,0.9999507069587708,1.0003700256347656,0.41034990008025163,2e-06,2e-06,128,131,1790355397.501646,1790355485.166056,90,60
132,44.01748585700989,514.2570071220398,44.013893365859985,0.0,0.0009579658508300781,4,1.8125,0.0,255,0,70,1733,476,1107,0.09808758553117514,2.2263070225308184,44.523234317079186,4.392376182600856,18.38845052011311,129.900283922354,0.27763593330746517,2.1871389002812505,61.05119808577001,134.9979557521001,84.9749067351222,2.0711910762183834,0.39428955133189447,7.2890625,0.0,12,2,0,2,0,996,1992,955,478,1838.578125,1681.5,5127,68,0.0,0.0,0.0,0.0,514.2570071220398,113.1117639716831,97.23963219299912,484.2766066081822,13.827987525612116,236.2871709096555,22.774604600031424,26.724360272288322,24.023006614384578,76.27120186364691,9.96972317147892,244.89538388326764,19.033891830445484,3.0164141207933426e-05,3.0164141207933426e-05,0.2651136815547943,0.0,0.0,0.006236761808395386,0.010980801656842232,1.0000001192092896,0.9999771118164062,0.0,0.006228720769286156,0.9999771118164062,1.0003702640533447,0.34308873860474076,2e-06,2e-06,128,132,1790355538.213262,1790355631.87468,90,60
133,117.10455369949341,643.1330108642578,117.10272097587585,0.0,0.0015604496002197266,4,1.640625,0.0,252,0,72,1756,479,1126,0.17331703958916478,2.225238154438557,43.820347579196095,3.1332077104598284,17.433155400678515,145.71612809374346,0.1819802539248485,2.1243108338281247,79.78497889824212,150.19233366064145,101.40760862641037,1.6685408904158976,0.1887193850998301,9.6875,0.0,9,5,1,1,0,1005,2008,965,484,1939.5390625,1410.0,6486,181,0.0,0.0,0.0,0.0,643.1330108642578,130.07630725973286,96.89571473188698,613.3207787796855,15.373156134039164,161.2323292097649,16.657518458901073,151.53890293091536,21.79236859659967,64.33635443114657,10.08500557494935,90.0107110440731,11.726158938282804,-5.2862800657749176e-05,-5.2862800657749176e-05,0.24754637479782104,0.0,0.0,0.005954653024673462,0.009619762189686298,1.0000001192092896,0.9999850392341614,5.225752374826698e-06,0.0059475526213645935,0.999984860420227,1.0003819465637207,0.27190095514513435,2e-06,2e-06,128,133,1790355752.638032,1790355840.63176,91,60
134,69.43565011024475,678.7521164417267,69.43234515190125,0.0,0.0017077922821044922,5,1.609375,0.0,256,0,74,1772,482,1137,0.20534528297139332,1.7943437815411016,60.28483387455344,2.659231698140502,17.69851834513247,166.36771745354054,0.30522347925580107,2.0484976969999997,84.08996765315533,170.16212886292487,105.57578120939434,1.1067814746056683,0.3303019421582576,9.203125,0.0,8,4,2,2,0,1012,2024,972,488,1733.5234375,1564.5,6793,517,0.0,0.0,0.0,0.0,678.7521164417267,151.91353164243628,127.90325801074505,636.315101955086,37.227548111230135,153.9145599736814,13.685408523948954,160.49050692468882,17.923380449993804,54.48503575532991,10.008071924123723,424.4640737436712,26.713800334159185,-1.1300202459096909e-05,-1.1300202459096909e-05,0.2906273305416107,0.0,0.0,0.006947498302906752,0.011970330029726028,1.0,1.0000159740447998,0.0,0.006944715045392513,1.0000159740447998,1.000505805015564,0.2885278706517447,2e-06,2e-06,128,134,1790355919.606601,1790356009.625026,92,61
135,52.24890661239624,822.1076822280884,52.24766421318054,0.0,0.0010597705841064453,6,1.8359375,0.0,253,0,72,1795,486,1154,0.11705268471268937,2.425779334967956,50.14353891834617,2.694948274642229,15.617534628137946,145.01396230305545,0.19337714678840712,1.9017299907187502,75.11417786218226,149.93755222242908,94.49300630576909,1.866777166374959,0.28592916700290516,7.75,0.0,7,6,1,2,0,1020,2038,982,493,1631.3828125,1508.0,4363,104,0.0,0.0,0.0,0.0,822.1076822280884,132.79323105039657,101.00655826739967,790.9337261915207,20.9311151355505,136.91150494415655,15.417688307750668,28.11104128882289,15.963543605179481,42.33366757869259,5.307090657729086,91.8735750541091,5.974796242926666,-3.79935372620821e-05,-3.79935372620821e-05,0.27443647384643555,0.0,0.0,0.006495482288300991,0.010590778663754463,1.0,0.9999436736106873,0.0,0.006484802346676588,0.9999436736106873,1.0003248453140259,0.28224451344566154,2e-06,2e-06,128,135,1790356064.136107,1790356159.175386,93,62
136,74.51528429985046,433.4507598876953,74.51389503479004,0.0,0.0011975765228271484,3,1.65625,0.0,254,0,72,1818,490,1171,0.2307885898044333,2.790387573419139,39.35237095691264,3.642598083242774,18.567532937973738,126.34059430289199,0.5237032963195816,2.1290497857421875,63.21664691902697,132.24820374316187,86.4684917293489,1.7822569887794089,0.5302365553216077,7.3125,0.0,10,5,1,0,0,1027,2056,993,496,1672.203125,1417.5,4930,263,0.0,0.0,0.0,0.0,433.4507598876953,110.81507729770965,94.7897965721786,400.3777930997312,17.044679168611765,225.32124915866177,26.247502721987885,327.7638648636639,107.64816203005172,82.30154372300447,11.37384094395713,123.325863532722,15.896821112862389,-3.009103238582611e-06,-3.009103238582611e-06,0.23032058775424957,0.0,0.0,0.005714967381209135,0.01011358667165041,1.0,1.0000022649765015,0.0,0.005714723840355873,1.0000022649765015,1.0004010200500488,0.30022713784739913,2e-06,2e-06,128,136,1790356240.8652,1790356326.302917,94,63
137,152.982084274292,446.77571725845337,152.9806694984436,0.0,0.001066446304321289,3,1.4296875,0.0,254,0,74,1849,498,1191,0.21796616597566754,2.51734063931508,43.929585890844464,3.323078893125057,15.65202465094626,122.39020183178945,0.3891343543364201,1.93880516678125,57.784670535475016,127.57568205145071,77.87656903639436,1.557200670184102,0.3887968956842087,6.6484375,0.0,9,4,1,2,0,1038,2082,1000,501,1280.4765625,1210.5,5017,55,0.0,0.0,0.0,0.0,446.77571725845337,109.23778065494844,82.65529601275921,415.4993727914989,11.31002726778388,207.98616190886653,27.969290893155776,172.001215942204,45.47729116108134,61.1421621142649,11.229347984231957,213.02158664539456,21.462722334968323,3.494787961244583e-05,3.494787961244583e-05,0.26735538244247437,0.0,0.0,0.006510320119559765,0.012296083383262157,1.0,1.0000700950622559,0.0,0.006504872813820839,1.0000700950622559,1.0005855560302734,0.3966006780212693,2e-06,2e-06,128,137,1790356482.41647,1790356559.446141,95,65
138,109.53327226638794,456.5242884159088,109.53111815452576,0.0,0.0009233951568603516,3,1.015625,0.0,253,0,78,1873,505,1206,0.1506501241819933,2.5768068118195515,44.059070721268654,3.824816297739744,18.29553108662367,121.24585114093497,0.23756558343302459,1.8494180324609375,53.342627638950944,126.45113800931722,76.82224851474166,1.8517541983455885,0.38131989355315454,6.3203125,0.0,9,5,0,2,0,1049,2096,1012,508,1600.3828125,1495.0,5513,173,0.0,0.0,0.0,0.0,456.5242884159088,104.13536566472612,88.58447399362922,427.269246365875,16.550334498286247,222.22913999172138,23.105013835299868,65.73941131308675,26.991832637435056,74.78572524250004,12.076027803755041,88.74294863641262,14.98988503143016,0.00010333303362131119,0.00010333303362131119,0.2754608988761902,0.0,0.0,0.006108511704951525,0.010687035508453846,1.0,1.0000413656234741,0.0,0.006106415763497353,1.0000413656234741,1.0004850625991821,0.30582574827591785,2e-06,2e-06,128,138,1790356675.453889,1790356757.77677,96,66
139,106.40919613838196,546.5330393314362,106.40803933143616,0.0,0.0008790493011474609,3,1.3359375,0.0,253,0,77,1896,514,1219,0.1827462525689043,2.3688250681152567,49.99016118608415,1.7989526465535164,13.312496004626155,105.56927034651744,0.18328301204019226,1.7712367529453126,38.791250355541706,110.15554130965029,55.239029336720705,1.6763785664516035,0.1711999914550688,4.8671875,0.0,10,3,0,3,0,1056,2116,1018,513,1270.390625,1186.5,4044,80,0.0,0.0,0.0,0.0,546.5330393314362,94.95845102661406,74.94872191734612,540.5852535478771,15.355599023401737,181.3303000331524,22.534776699073742,246.82611427083611,41.093478228805466,49.58834089851117,7.399369679364583,96.2883171364665,8.981782130138606,-4.781549796462059e-05,-4.781549796462059e-05,0.2423129677772522,0.0,0.0,0.005722189787775278,0.010932782664895058,1.0,1.0000324249267578,0.0,0.00572145776823163,1.0000324249267578,1.0004669427871704,0.3351282530430722,2e-06,2e-06,128,139,1790356867.769409,1790356947.392772,97,66
