model,domain,pass_at_1,pass_at_4_any,pass_power_4,tasks,simulations
sft,overall,0.27918781725888325,0.43147208121827413,0.1319796954314721,,
sft,airline,0.425,0.65,0.3,20.0,80.0
sft,retail,0.5875,0.775,0.35,40.0,160.0
sft,telecom,0.475,0.825,0.125,40.0,160.0
sft,banking_knowledge,0.041237113402061855,0.08247422680412371,0.010309278350515464,97.0,388.0
mix-iter129-four-domain,overall,0.315989847715736,0.467005076142132,0.14213197969543148,,
mix-iter129-four-domain,airline,0.4625,0.6,0.3,20.0,80.0
mix-iter129-four-domain,retail,0.60625,0.9,0.325,40.0,160.0
mix-iter129-four-domain,telecom,0.56875,0.825,0.225,40.0,160.0
mix-iter129-four-domain,banking_knowledge,0.061855670103092786,0.1134020618556701,0.0,97.0,388.0
mix-iter139-four-domain,overall,0.31218274111675126,0.4873096446700508,0.13705583756345177,,
mix-iter139-four-domain,airline,0.4,0.7,0.15,20.0,80.0
mix-iter139-four-domain,retail,0.6375,0.85,0.4,40.0,160.0
mix-iter139-four-domain,telecom,0.5625,0.875,0.2,40.0,160.0
mix-iter139-four-domain,banking_knowledge,0.05670103092783505,0.13402061855670103,0.0,97.0,388.0
mix-update90-iter89-four-domain,overall,0.2893401015228426,0.4467005076142132,0.15228426395939088,,
mix-update90-iter89-four-domain,airline,0.4375,0.75,0.2,20.0,80.0
mix-update90-iter89-four-domain,retail,0.53125,0.775,0.35,40.0,160.0
mix-update90-iter89-four-domain,telecom,0.55625,0.825,0.25,40.0,160.0
mix-update90-iter89-four-domain,banking_knowledge,0.04896907216494845,0.09278350515463918,0.020618556701030927,97.0,388.0
vanilla-grpo-iter129-four-domain,overall,0.3147208121827411,0.48223350253807107,0.15228426395939088,,
vanilla-grpo-iter129-four-domain,airline,0.4375,0.75,0.15,20.0,80.0
vanilla-grpo-iter129-four-domain,retail,0.64375,0.85,0.375,40.0,160.0
vanilla-grpo-iter129-four-domain,telecom,0.56875,0.825,0.3,40.0,160.0
vanilla-grpo-iter129-four-domain,banking_knowledge,0.04896907216494845,0.13402061855670103,0.0,97.0,388.0
vanilla-grpo-iter139-four-domain,overall,0.29949238578680204,0.4619289340101523,0.1319796954314721,,
vanilla-grpo-iter139-four-domain,airline,0.425,0.6,0.25,20.0,80.0
vanilla-grpo-iter139-four-domain,retail,0.6125,0.875,0.375,40.0,160.0
vanilla-grpo-iter139-four-domain,telecom,0.51875,0.85,0.15,40.0,160.0
vanilla-grpo-iter139-four-domain,banking_knowledge,0.05412371134020619,0.10309278350515463,0.0,97.0,388.0
vanilla-grpo-iter89-four-domain,overall,0.2956852791878173,0.4619289340101523,0.14213197969543148,,
vanilla-grpo-iter89-four-domain,airline,0.4625,0.7,0.2,20.0,80.0
vanilla-grpo-iter89-four-domain,retail,0.61875,0.85,0.425,40.0,160.0
vanilla-grpo-iter89-four-domain,telecom,0.50625,0.85,0.175,40.0,160.0
vanilla-grpo-iter89-four-domain,banking_knowledge,0.041237113402061855,0.09278350515463918,0.0,97.0,388.0
